category;text;request_json;response_json
classifier;Найди минимальное, максимальное, среднее и медианное значения;;"{""category"":""spreadsheet-analysis"",""confidence"":0.978,""required_table_info"":{""needs_column_headers"":true,""needs_header_styles"":false,""needs_cell_values"":true,""needs_cell_styles"":false,""needs_column_metadata"":false}}"
classifier;Посчитай среднюю зарплату;;"{""category"":""spreadsheet-analysis"",""confidence"":0.968,""required_table_info"":{""needs_column_headers"":true,""needs_header_styles"":false,""needs_cell_values"":true,""needs_cell_styles"":false,""needs_column_metadata"":false}}"
classifier;Найди 10 городов с самым большим населением в списке;;"{""category"":""spreadsheet-search"",""confidence"":0.965,""required_table_info"":{""needs_column_headers"":true,""needs_header_styles"":false,""needs_cell_values"":true,""needs_cell_styles"":false,""needs_column_metadata"":false}}"
classifier;"Сгенерируй набор данных с колонками ""Имя"", ""Фамилия"", ""Пол"", ""Дата рождения"", ""Город"" заданной размерности";;"{""category"":""spreadsheet-generation"",""confidence"":0.983,""required_table_info"":{""needs_column_headers"":false,""needs_header_styles"":false,""needs_cell_values"":false,""needs_cell_styles"":false,""needs_column_metadata"":false}}"
classifier;Примени чередующиеся цвета строк для улучшения читаемости;;"{""category"":""spreadsheet-formatting"",""confidence"":0.95,""required_table_info"":{""needs_column_headers"":true,""needs_header_styles"":true,""needs_cell_values"":false,""needs_cell_styles"":true,""needs_column_metadata"":false}}"
classifier;"Объедини поля ""Имя"" и ""Фамилия"" в одно поле ""Полное имя""";;"{""category"":""spreadsheet-transformation"",""confidence"":0.921,""required_table_info"":{""needs_column_headers"":true,""needs_header_styles"":false,""needs_cell_values"":true,""needs_cell_styles"":false,""needs_column_metadata"":true}}"
classifier;Создай столбчатую диаграмму по данным о доходах;;"{""category"":""data-chart"",""confidence"":0.974,""required_table_info"":{""needs_column_headers"":true,""needs_header_styles"":false,""needs_cell_values"":true,""needs_cell_styles"":false,""needs_column_metadata"":false}}"
classifier;Построй график изменения цен за год;;"{""category"":""data-chart"",""confidence"":0.949,""required_table_info"":{""needs_column_headers"":true,""needs_header_styles"":false,""needs_cell_values"":true,""needs_cell_styles"":false,""needs_column_metadata"":false}}"
classifier;Построй гистограмму распределения величины;;"{""category"":""data-histogram"",""confidence"":0.987,""required_table_info"":{""needs_column_headers"":true,""needs_header_styles"":false,""needs_cell_values"":true,""needs_cell_styles"":false,""needs_column_metadata"":true}}"
classifier;Как использовать функцию ВПР для поиска данных в таблице?;;"{""category"":""spreadsheet-assistance"",""confidence"":0.95,""required_table_info"":{""needs_column_headers"":false,""needs_header_styles"":false,""needs_cell_values"":false,""needs_cell_styles"":false,""needs_column_metadata"":false}}"
classifier;Нарисуй зимний пейзаж;;"{""category"":""uncertain"",""confidence"":1.0,""required_table_info"":{""needs_column_headers"":false,""needs_header_styles"":false,""needs_cell_values"":false,""needs_cell_styles"":false,""needs_column_metadata"":false}}"
data-chart;Построй график изменения величины во времени.;"{""data_range"":""A1:B16"",""chart_data"":[{""name"":""Дата"",""range"":""A2:A16"",""format"":""dd/mm/yyyy""},{""name"":""Цена"",""range"":""B2:B16"",""format"":""# ##0.00""}]}";"{""chart_type"":""lineNormal"",""title"":""Изменение цены во времени"",""subtitle"":null,""series_config"":{""x_axis_column"":0,""y_axis_columns"":[1],""series_names"":[""Цена""],""show_data_labels"":false,""smooth_lines"":true},""position"":{""x"":400,""y"":50,""width"":600,""height"":400,""anchor_cell"":""D2""},""styling"":{""color_scheme"":""office"",""font_family"":""Arial"",""font_size"":12,""background_color"":null,""border_style"":""none"",""legend_position"":""bottom""}}"
data-chart;Создай круговую диаграмму распределения расходов;"{""data_range"":""A1:B6"",""chart_data"":[{""name"":""Категория"",""range"":""A2:A6"",""format"":""General""},{""name"":""Сумма"",""range"":""B2:B6"",""format"":""#,##0""}]}";"{""chart_type"":""pie"",""title"":""Распределение расходов"",""subtitle"":null,""series_config"":{""x_axis_column"":0,""y_axis_columns"":[1],""series_names"":[""Сумма""],""show_data_labels"":true,""smooth_lines"":false},""position"":{""x"":250,""y"":200,""width"":400,""height"":300,""anchor_cell"":""D8""},""styling"":{""color_scheme"":""colorful"",""font_family"":""Arial"",""font_size"":11,""background_color"":null,""border_style"":""none"",""legend_position"":""right""}}"
data-chart;Построй линейный график изменения температуры;"{""data_range"":""A1:B8"",""chart_data"":[{""name"":""День"",""range"":""A2:A8"",""format"":""General""},{""name"":""Температура"",""range"":""B2:B8"",""format"":""0.0""}]}";"{""chart_type"":""lineNormal"",""title"":""Изменение температуры по дням"",""subtitle"":""Погодные условия недели"",""series_config"":{""x_axis_column"":0,""y_axis_columns"":[1],""series_names"":[""Температура °C""],""show_data_labels"":false,""smooth_lines"":true},""position"":{""x"":50,""y"":250,""width"":450,""height"":300,""anchor_cell"":""A10""},""styling"":{""color_scheme"":""office"",""font_family"":""Arial"",""font_size"":12,""background_color"":null,""border_style"":""solid"",""legend_position"":""top""}}"
data-chart;Создай диаграмму размаха для анализа зарплат по отделам;"{""data_range"":""A1:C16"",""chart_data"":[{""name"":""Сотрудник"",""range"":""A2:A16"",""format"":""General""},{""name"":""Отдел"",""range"":""B2:B16"",""format"":""General""},{""name"":""Зарплата"",""range"":""C2:C16"",""format"":""#,##0""}]}";"{""chart_type"":""bar"",""title"":""Распределение зарплат по отделам"",""subtitle"":""Статистический анализ"",""series_config"":{""x_axis_column"":1,""y_axis_columns"":[2],""series_names"":[""Зарплата""],""show_data_labels"":false,""smooth_lines"":false},""position"":{""x"":50,""y"":450,""width"":500,""height"":350,""anchor_cell"":""A20""},""styling"":{""color_scheme"":""modern"",""font_family"":""Arial"",""font_size"":11,""background_color"":""#F5F5F5"",""border_style"":""solid"",""legend_position"":""none""}}"
data-chart;Построй столбчатую диаграмму сравнения продаж по кварталам для нескольких продуктов;"{""data_range"":""A1:D5"",""chart_data"":[{""name"":""Квартал"",""range"":""A2:A5"",""format"":""General""},{""name"":""Продукт A"",""range"":""B2:B5"",""format"":""#,##0""},{""name"":""Продукт B"",""range"":""C2:C5"",""format"":""#,##0""},{""name"":""Продукт C"",""range"":""D2:D5"",""format"":""#,##0""}]}";"{""chart_type"":""bar"",""title"":""Сравнение продаж по кварталам"",""subtitle"":""Динамика продаж трех продуктов в 2024 году"",""series_config"":{""x_axis_column"":0,""y_axis_columns"":[1,2,3],""series_names"":[""Продукт A"",""Продукт B"",""Продукт C""],""show_data_labels"":true,""smooth_lines"":false},""position"":{""x"":500,""y"":100,""width"":650,""height"":450,""anchor_cell"":""F3""},""styling"":{""color_scheme"":""modern"",""font_family"":""Arial"",""font_size"":12,""background_color"":null,""border_style"":""solid"",""legend_position"":""top""}}"
data-chart;Создай точечную диаграмму для анализа корреляции между затратами на рекламу и продажами;"{""data_range"":""A1:C11"",""chart_data"":[{""name"":""Месяц"",""range"":""A2:A11"",""format"":""General""},{""name"":""Реклама (тыс. руб.)"",""range"":""B2:B11"",""format"":""#,##0""},{""name"":""Продажи (тыс. руб.)"",""range"":""C2:C11"",""format"":""#,##0""}]}";"{""chart_type"":""scatter"",""title"":""Корреляция между затратами на рекламу и продажами"",""subtitle"":""Анализ эффективности рекламных кампаний"",""series_config"":{""x_axis_column"":1,""y_axis_columns"":[2],""series_names"":[""Продажи от рекламы""],""show_data_labels"":false,""smooth_lines"":false},""position"":{""x"":100,""y"":350,""width"":550,""height"":400,""anchor_cell"":""B15""},""styling"":{""color_scheme"":""office"",""font_family"":""Arial"",""font_size"":11,""background_color"":null,""border_style"":""solid"",""legend_position"":""bottom""}}"
data-histogram;Построй гистограмму распределения цен товаров;"{""metadata"":{""version"":""1.0""},""worksheet"":{""name"":""Товары"",""range"":""A1:B100""},""data"":{""header"":{""values"":[""Товар"",""Цена""],""range"":""A1:B1""},""rows"":[]},""columns"":[{""index"":0,""format"":""General"",""range"":""A2:A100""},{""index"":1,""format"":""# ##0.00"",""range"":""B2:B100"",""min"":50.0,""max"":5000.0,""median"":850.0,""count"":99}]}";"{""source_columns"":[1],""recommended_bins"":12,""range_column_name"":""Диапазон цен (руб.)"",""count_column_name"":""Количество товаров""}"
data-histogram;Сравни распределение продаж в двух регионах с помощью гистограммы;"{""metadata"":{""version"":""1.0""},""worksheet"":{""name"":""Продажи"",""range"":""A1:C200""},""data"":{""header"":{""values"":[""Месяц"",""Регион А"",""Регион Б""],""range"":""A1:C1""},""rows"":[]},""columns"":[{""index"":0,""format"":""General"",""range"":""A2:A200""},{""index"":1,""format"":""#,##0"",""range"":""B2:B200"",""min"":15000.0,""max"":98000.0,""median"":45000.0,""count"":199},{""index"":2,""format"":""#,##0"",""range"":""C2:C200"",""min"":12000.0,""max"":105000.0,""median"":48000.0,""count"":199}]}";"{""source_columns"":[1,2],""recommended_bins"":10,""range_column_name"":""Диапазон продаж (руб.)"",""count_column_name"":""Количество периодов""}"
data-histogram;Построй гистограмму распределения времени выполнения задач;"{""metadata"":{""version"":""1.0""},""worksheet"":{""name"":""Задачи"",""range"":""A1:B50""},""data"":{""header"":{""values"":[""Задача"",""Время (мин)""],""range"":""A1:B1""},""rows"":[]},""columns"":[{""index"":0,""format"":""General"",""range"":""A2:A50""},{""index"":1,""format"":""0"",""range"":""B2:B50"",""min"":5.0,""max"":120.0,""median"":35.0,""count"":49}]}";"{""source_columns"":[1],""recommended_bins"":8,""range_column_name"":""Временной интервал (мин)"",""count_column_name"":""Количество задач""}"
data-histogram;Построй гистограмму распределения результатов тестирования;"{""metadata"":{""version"":""1.0""},""worksheet"":{""name"":""Результаты"",""range"":""A1:B500""},""data"":{""header"":{""values"":[""Студент"",""Балл""],""range"":""A1:B1""},""rows"":[]},""columns"":[{""index"":0,""format"":""General"",""range"":""A2:A500""},{""index"":1,""format"":""0"",""range"":""B2:B500"",""min"":0.0,""max"":100.0,""median"":67.0,""count"":499}]}";"{""source_columns"":[1],""recommended_bins"":15,""range_column_name"":""Диапазон баллов"",""count_column_name"":""Количество студентов""}"
data-histogram;Покажи распределение температуры за месяц;"{""metadata"":{""version"":""1.0""},""worksheet"":{""name"":""Погода"",""range"":""A1:B32""},""data"":{""header"":{""values"":[""Дата"",""Температура""],""range"":""A1:B1""},""rows"":[]},""columns"":[{""index"":0,""format"":""DD.MM.YYYY"",""range"":""A2:A32""},{""index"":1,""format"":""0.0"",""range"":""B2:B32"",""min"":18.5,""max"":23.8,""median"":21.2,""count"":31}]}";"{""source_columns"":[1],""recommended_bins"":6,""range_column_name"":""Диапазон температур (°C)"",""count_column_name"":""Количество дней""}"
data-histogram;Построй гистограмму распределения зарплат сотрудников по отделам;"{""metadata"":{""version"":""1.0""},""worksheet"":{""name"":""Зарплаты"",""range"":""A1:C150""},""data"":{""header"":{""values"":[""Сотрудник"",""Отдел"",""Зарплата""],""range"":""A1:C1""},""rows"":[]},""columns"":[{""index"":0,""format"":""General"",""range"":""A2:A150""},{""index"":1,""format"":""General"",""range"":""B2:B150""},{""index"":2,""format"":""# ##0.00"",""range"":""C2:C150"",""min"":35000.0,""max"":250000.0,""median"":75000.0,""count"":149}]}";"{""source_columns"":[2],""recommended_bins"":10,""range_column_name"":""Диапазон зарплат (руб.)"",""count_column_name"":""Количество сотрудников""}"
spreadsheet-analysis;Найди минимальное, максимальное, среднее и медианное значения цены;"{""metadata"":{""version"":""1.0""},""worksheet"":{""name"":""Продажи"",""range"":""A1:C6""},""data"":{""header"":{""values"":[""Продукт"",""Количество"",""Цена""],""range"":""A1:C1""},""rows"":[{""values"":[""Товар A"",100,1500],""range"":""A2:C2""},{""values"":[""Товар B"",250,800],""range"":""A3:C3""},{""values"":[""Товар C"",180,1200],""range"":""A4:C4""},{""values"":[""Товар D"",90,2100],""range"":""A5:C5""},{""values"":[""Товар E"",320,650],""range"":""A6:C6""}]},""columns"":[{""index"":0,""format"":""General""},{""index"":1,""format"":""#,##0""},{""index"":2,""format"":""# ##0.00""}]}";"{""metadata"":{""version"":""1.0""},""worksheet"":{""name"":""Продажи"",""range"":""A1:C6""},""data"":{""header"":{""values"":[],""range"":""A1:A1""},""rows"":[{""values"":[""Минимальное:"",""=МИН(C2:C6)""],""range"":""A2:B2""},{""values"":[""Максимальное:"",""=МАКС(C2:C6)""],""range"":""A3:B3""},{""values"":[""Среднее:"",""=CРЗНАЧ(C2:C6)""],""range"":""A4:B4""},{""values"":[""Медиана:"",""=МЕДИАНА(C2:C6)""],""range"":""A5:B5""}]}}"
spreadsheet-analysis;Посчитай среднюю зарплату сотрудников;"{""metadata"":{""version"":""1.0""},""worksheet"":{""name"":""Сотрудники"",""range"":""A1:H8""},""data"":{""header"":{""values"":[""Имя"",""Фамилия"",""Должность"",""Отдел"",""Зарплата"",""Дата приема"",""Возраст"",""Образование"",""Стаж""],""range"":""A1:I1""},""rows"":[{""values"":[""Анна"",""Иванова"",""Менеджер"",""Продажи"",85000,""01.03.2018"",32,""Высшее"",7],""range"":""A2:I2""},{""values"":[""Петр"",""Сидоров"",""Разработчик"",""IT"",120000,""15.06.2019"",28,""Высшее"",6],""range"":""A3:I3""},{""values"":[""Мария"",""Петрова"",""Аналитик"",""Финансы"",95000,""10.01.2020"",35,""Высшее"",5],""range"":""A4:I4""},{""values"":[""Сергей"",""Козлов"",""Дизайнер"",""Маркетинг"",75000,""22.09.2021"",26,""Среднее специальное"",4],""range"":""A5:I5""},{""values"":[""Елена"",""Смирнова"",""Бухгалтер"",""Финансы"",65000,""05.11.2017"",45,""Высшее"",8],""range"":""A6:I6""},{""values"":[""Александр"",""Волков"",""Руководитель"",""IT"",150000,""12.02.2016"",38,""Высшее"",9],""range"":""A7:I7""},{""values"":[""Ольга"",""Николаева"",""Секретарь"",""Администрация"",45000,""18.04.2022"",24,""Среднее"",3],""range"":""A8:I8""}]},""columns"":[{""index"":0,""format"":""General""},{""index"":1,""format"":""General""},{""index"":2,""format"":""General""},{""index"":3,""format"":""General""},{""index"":4,""format"":""#,##0""},{""index"":5,""format"":""dd/mm/yyyy""},{""index"":6,""format"":""#0""},{""index"":7,""format"":""General""},{""index"":8,""format"":""#0""}]}";"{""metadata"":{""version"":""1.0""},""worksheet"":{""name"":""Сотрудники"",""range"":""A1:H8""},""data"":{""header"":{""values"":[],""range"":""A1:A1""},""rows"":[{""values"":[""Средняя зарплата сотрудников:"",""=СРЗНАЧ(E2:E8)""],""range"":""A2:B2""}]}}"
spreadsheet-analysis;Проанализируй доходность по месяцам и найди месяц с максимальной прибылью;"{""metadata"":{""version"":""1.0""},""worksheet"":{""name"":""Финансовый отчет"",""range"":""A1:D13""},""data"":{""header"":{""values"":[""Месяц"",""Доходы"",""Расходы"",""Прибыль""],""range"":""A1:D1""},""rows"":[{""values"":[""Январь"",250000,180000,70000],""range"":""A2:D2""},{""values"":[""Февраль"",280000,195000,85000],""range"":""A3:D3""},{""values"":[""Март"",320000,210000,110000],""range"":""A4:D4""},{""values"":[""Апрель"",295000,205000,90000],""range"":""A5:D5""},{""values"":[""Май"",380000,225000,155000],""range"":""A6:D6""},{""values"":[""Июнь"",410000,240000,170000],""range"":""A7:D7""},{""values"":[""Июль"",450000,260000,190000],""range"":""A8:D8""},{""values"":[""Август"",425000,250000,175000],""range"":""A9:D9""},{""values"":[""Сентябрь"",395000,235000,160000],""range"":""A10:D10""},{""values"":[""Октябрь"",365000,220000,145000],""range"":""A11:D11""},{""values"":[""Ноябрь"",340000,215000,125000],""range"":""A12:D12""},{""values"":[""Декабрь"",475000,285000,190000],""range"":""A13:D13""}]},""columns"":[{""index"":0,""format"":""General""},{""index"":1,""format"":""#,##0""},{""index"":2,""format"":""#,##0""},{""index"":3,""format"":""#,##0""}]}";"{""metadata"":{""version"":""1.0""},""worksheet"":{""name"":""Финансовый отчет"",""range"":""A1:D13""},""data"":{""header"":{""values"":[],""range"":""A1:A1""},""rows"":[{""values"":[""Общая прибыль за год:"",""=СУММ(D2:D13)""],""range"":""A2:B2""},{""values"":[""Средняя прибыль по месяцам:"",""=СРЗНАЧ(D2:D13)""],""range"":""A3:B3""},{""values"":[""Максимальная прибыль:"",""=МАКС(D2:D13)""],""range"":""A4:B4""},{""values"":[""Месяц с максимальной прибылью:"",""=ИНДЕКС(A2:A13;ПОИСКПОЗ(МАКС(D2:D13);D2:D13;0))""],""range"":""A5:B5""},{""values"":[""Минимальная прибыль:"",""=МИН(D2:D13)""],""range"":""A6:B6""},{""values"":[""Месяц с минимальной прибылью:"",""=ИНДЕКС(A2:A13;ПОИСКПОЗ(МИН(D2:D13);D2:D13;0))""],""range"":""A7:B7""}]}}"
spreadsheet-assistance;Как использовать функцию СУММЕСЛИ для подсчета с условием?;;"{""text_content"":""Функция СУММЕСЛИ используется для суммирования значений ячеек, которые соответствуют определенному условию.\n\n**Синтаксис:**\nСУММЕСЛИ(диапазон; условие; диапазон_суммирования)\n\n**Параметры:**\n- диапазон — диапазон ячеек, к которым применяется условие\n- условие — критерий в виде числа, выражения или текста\n- диапазон_суммирования — фактический диапазон для суммирования (если отличается от диапазона проверки)\n\n**Пример использования:**\nПредположим, у вас есть таблица продаж с колонками \""Товар\"" (A) и \""Сумма\"" (B). Чтобы найти общую сумму продаж товара \""Яблоки\"":\n\n=СУММЕСЛИ(A2:A10; \""Яблоки\""; B2:B10)\n\nДля подсчета сумм больше 1000:\n=СУММЕСЛИ(B2:B10; \"">1000\"")\n\n**Связанные функции:**\n- СУММЕСЛИМН — для нескольких условий\n- СЧЁТЕСЛИ — для подсчета количества ячеек с условием""}"
spreadsheet-assistance;Какие функции доступны для работы с датами в Р7-Офис?;;"{""text_content"":""В Р7-Офис доступен широкий набор функций для работы с датами:\n\n**Основные функции:**\n\n1. **СЕГОДНЯ()** — возвращает текущую дату\n   Пример: =СЕГОДНЯ()\n\n2. **ТДАТА()** — возвращает текущую дату и время\n   Пример: =ТДАТА()\n\n3. **ДАТА(год; месяц; день)** — создает дату из компонентов\n   Пример: =ДАТА(2024; 6; 15) вернет 15.06.2024\n\n4. **ГОД(дата)**, **МЕСЯЦ(дата)**, **ДЕНЬ(дата)** — извлекают компоненты даты\n   Пример: =ГОД(A1) вернет год из даты в ячейке A1\n\n5. **РАЗНДАТ(начальная_дата; конечная_дата; единица)** — вычисляет разницу между датами\n   Единицы: \""Y\"" (годы), \""M\"" (месяцы), \""D\"" (дни)\n   Пример: =РАЗНДАТ(A1; B1; \""D\"") — количество дней между датами\n\n6. **ДЕНЬНЕД(дата)** — возвращает день недели (1-7)\n   Пример: =ДЕНЬНЕД(A1)\n\n7. **РАБДЕНЬ(начальная_дата; количество_дней)** — добавляет рабочие дни к дате\n   Пример: =РАБДЕНЬ(СЕГОДНЯ(); 10) — дата через 10 рабочих дней\n\n**Практический совет:**\nДля форматирования дат используйте формат ячейки \""Дата\"" в настройках форматирования.\n\n**Связанные темы:**\nРабота со временем, форматирование дат, календарные расчеты""}"
spreadsheet-assistance;Расскажи о возможностях условного форматирования;;"{""text_content"":""Условное форматирование в Р7-Офис позволяет автоматически изменять внешний вид ячеек на основе их содержимого.\n\n**Основные возможности:**\n\n1. **Выделение ячеек по значению:**\n   - Больше/меньше определенного числа\n   - Равно определенному значению\n   - Содержит текст\n   - Уникальные или повторяющиеся значения\n\n2. **Цветовые шкалы:**\n   - Градиентная заливка от минимального к максимальному значению\n   - Визуализация данных цветом (например, от красного к зеленому)\n\n3. **Гистограммы в ячейках:**\n   - Отображение относительных значений в виде полос\n   - Полезно для сравнения чисел в таблице\n\n4. **Наборы значков:**\n   - Стрелки, флажки, индикаторы\n   - Визуальная категоризация данных\n\n**Как применить:**\n1. Выделите диапазон ячеек\n2. Откройте меню \""Формат\"" → \""Условное форматирование\""\n3. Выберите тип правила\n4. Настройте условие и формат\n5. Примените правило\n\n**Пример использования:**\nДля таблицы продаж можно выделить:\n- Зеленым цветом продажи выше плана (>100000)\n- Красным цветом продажи ниже плана (<50000)\n- Желтым цветом средние показатели (50000-100000)\n\n**Преимущества:**\n- Быстрая визуальная оценка данных\n- Автоматическое обновление при изменении значений\n- Возможность применения нескольких правил\n\n**Связанные функции:**\nФорматирование ячеек, стили таблиц, визуализация данных""}"
spreadsheet-assistance;Как эффективно очистить данные от дубликатов и пропусков?;;"{""text_content"":""Очистка данных — важный этап подготовки к анализу. Вот лучшие практики:\n\n**Удаление дубликатов:**\n\n1. **Встроенный инструмент:**\n   - Выделите диапазон данных\n   - Меню \""Данные\"" → \""Удалить дубликаты\""\n   - Выберите колонки для проверки\n   - Система удалит повторяющиеся строки\n\n2. **С помощью функций:**\n   - Используйте СЧЁТЕСЛИ для поиска дубликатов\n   - =СЧЁТЕСЛИ($A$2:$A$100; A2)>1 покажет дубликаты\n   - Отфильтруйте и удалите вручную\n\n**Обработка пропущенных значений:**\n\n1. **Поиск пропусков:**\n   - Используйте фильтр для поиска пустых ячеек\n   - Функция ЕПУСТО() определяет пустые ячейки\n   - =ЕПУСТО(A1) вернет ИСТИНА для пустой ячейки\n\n2. **Заполнение пропусков:**\n   \n   **Числовые данные:**\n   - Среднее значение: =ЕСЛИ(ЕПУСТО(A1); СРЗНАЧ($A$2:$A$100); A1)\n   - Медиана: =ЕСЛИ(ЕПУСТО(A1); МЕДИАНА($A$2:$A$100); A1)\n   - Нулевое значение для финансовых данных\n   \n   **Текстовые данные:**\n   - =ЕСЛИ(ЕПУСТО(A1); \""Не указано\""; A1)\n   - Копирование значения из соседней ячейки\n   - Интерполяция по контексту\n\n3. **Автозаполнение:**\n   - Выделите ячейки с данными и пропусками\n   - Ctrl+G → \""Выделить\"" → \""Пустые ячейки\""\n   - Введите формулу и нажмите Ctrl+Enter\n\n**Рекомендации:**\n- Всегда создавайте копию исходных данных перед очисткой\n- Документируйте правила заполнения пропусков\n- Анализируйте причину пропусков перед заполнением\n- Для важных данных рассмотрите ручную проверку\n\n**Дополнительные инструменты:**\n- Функция \""Найти и заменить\"" для текстовых дубликатов\n- Сводные таблицы для анализа уникальных значений\n- Фильтры для визуального контроля данных""}"
spreadsheet-assistance;Как использовать функцию ВПР для поиска по таблице?;;"{""text_content"":""Функция ВПР позволяет находить значение в таблице по ключу и возвращать связанное с ним значение из другого столбца. Это удобно для подстановки цен, кодов, категорий и любых справочных данных.\n\nСинтаксис:\nВПР(искомое_значение; таблица; номер_столбца; [интервальный_просмотр])\n\nПараметры:\n- искомое_значение — значение, которое нужно найти в первом столбце таблицы\n- таблица — диапазон, в котором выполняется поиск (ключ — всегда в первом столбце диапазона)\n- номер_столбца — номер столбца внутри диапазона, из которого нужно вернуть результат (1 — первый столбец диапазона, 2 — второй и т.д.)\n- интервальный_просмотр — ЛОЖЬ для точного совпадения (рекомендуется по умолчанию), ИСТИНА для поиска по диапазонам\n\nПример использования:\nЕсть справочник товаров: в A — артикул, в B — название, в C — цена. Чтобы по артикулу из ячейки E2 подтянуть цену, используйте:\n\n=ВПР(E2; A2:C100; 3; ЛОЖЬ)\n\nТак формула ищет артикул в столбце A и возвращает цену из столбца C.\n\nТипичные ошибки и советы:\n- Убедитесь, что искомое значение и значения в первом столбце таблицы одного типа (текст/число).\n- При добавлении новых строк лучше задавать таблицу с запасом или использовать именованный диапазон.\n- Для более гибкого поиска по нескольким условиям рассмотрите связку ИНДЕКС+ПОИСКПОЗ.""}"
spreadsheet-assistance;Как сделать выпадающий список (валидацию данных) в Р7-Офис?;;"{""text_content"":""Выпадающие списки помогают ограничить ввод значений и снизить количество ошибок, особенно в формах и опросниках.\n\nСоздание простого выпадающего списка:\n1. Подготовьте список допустимых значений в отдельном диапазоне, например D2:D10.\n2. Выделите ячейки, в которых нужен выпадающий список (например A2:A100).\n3. Откройте меню проверки/ограничения ввода данных (обычно вкладка \""Данные\"" → \""Проверка данных\"").\n4. В типе проверки выберите вариант \""Список\"".\n5. Укажите диапазон со значениями (D2:D10) или введите значения через точку с запятой.\n6. Подтвердите настройки — в выбранных ячейках появится стрелка раскрытия списка.\n\nПрактические рекомендации:\n- Храните исходный список значений на отдельном техническом листе, чтобы пользователи не изменяли его случайно.\n- Используйте именованные диапазоны для списков, чтобы при расширении списка (новые варианты) не менять настройки проверки.\n- Для обязательных полей включайте сообщение об ошибке при вводе значения, которого нет в списке.\n\nТиповые сценарии:\n- Статусы задач (\""Новая\"", \""В работе\"", \""Завершена\"").\n- Категории расходов и статей бюджета.\n- Выбор ответственных, отделов, городов и т.п.""}"
spreadsheet-assistance;Как использовать условное форматирование для подсветки значений?;;"{""text_content"":""Условное форматирование позволяет автоматически выделять ячейки по заданным правилам — цветом фона, рамками, шрифтом. Это помогает быстро находить аномалии, просрочки и важные показатели.\n\nБазовая настройка:\n1. Выделите диапазон с данными (например B2:B100).\n2. Перейдите в меню условного форматирования (обычно вкладка \""Главная\"" или \""Формат\"").\n3. Выберите тип условия: больше/меньше, равно, между, содержит текст, дата и т.п.\n4. Задайте порог или формулу условия.\n5. Настройте формат: цвет фона, цвет текста, жирный шрифт, границы.\n6. Примените правило — подходящие значения будут подсвечены.\n\nПример:\nПодсветить все суммы больше 100000 в диапазоне C2:C200:\n- Диапазон: C2:C200\n- Условие: \""больше\""\n- Значение: 100000\n- Формат: красный жирный текст.\n\nФормулы в условном формате:\nМожно использовать формулу, возвращающую ИСТИНА/ЛОЖЬ. Например, чтобы подсветить строки с просрочкой оплаты (дата в B, статус в C):\n\n=И( B2<СЕГОДНЯ(); C2<>\""Оплачено\"" )\n\nПримените формат ко всей строке — и просроченные счета будут сразу заметны.\n\nСоветы:\n- Не создавайте слишком много разных цветов — это перегружает визуально.\n- Периодически проверяйте список правил, чтобы не копились устаревшие.""}"
spreadsheet-assistance;Как построить сводную таблицу для анализа данных в Р7-Офис?;;"{""text_content"":""Сводные таблицы позволяют быстро агрегировать большие объемы данных: считать суммы, средние, количество, находить минимальные и максимальные значения по категориям. Это основной инструмент для аналитики в электронных таблицах.\n\nСоздание сводной таблицы:\n1. Убедитесь, что у исходной таблицы есть заголовки столбцов и нет полностью пустых строк.\n2. Выделите диапазон данных или любую ячейку внутри таблицы.\n3. Откройте вкладку \""Вставка\"" и выберите \""Сводная таблица\"".\n4. Выберите, где разместить сводную таблицу — на новом листе или на существующем.\n5. В панели полей сводной таблицы перетащите поля в области:\n - \""Строки\"" — что будет по вертикали (например, товар, город).\n - \""Столбцы\"" — что будет по горизонтали (например, год, квартал).\n - \""Значения\"" — что нужно агрегировать (сумма продаж, количество заказов).\n - \""Фильтры\"" — для выборки по периоду, менеджеру, региону.\n\nПример:\nЕсть таблица продаж с полями: Дата, Город, Товар, Сумма. В сводной:\n- Строки: Город\n- Столбцы: Товар\n- Значения: сумма по полю \""Сумма\""\nТак вы получите матрицу выручки по товарам и городам.\n\nПолезные приемы:\n- В настройках поля \""Значения\"" можно менять тип итога (сумма, среднее, минимум, максимум, количество).\n- Включайте итоговые строки и столбцы, чтобы видеть общие суммы.\n- При изменении исходных данных обновляйте сводную таблицу через команду \""Обновить\"".""}"
spreadsheet-assistance;Как посчитать количество уникальных значений в столбце?;;"{""text_content"":""Подсчет уникальных значений помогает понять, сколько разных клиентов, товаров, городов или категорий присутствует в данных. В Р7-Офис это можно сделать с помощью формул и/или сводной таблицы.\n\nВариант 1: через формулу (массивный подход):\nЕсли поддерживаются массивные формулы, можно использовать связку СЧЁТЕСЛИ и 1/СЧЁТЕСЛИ. Пример для диапазона A2:A100:\n\n=СУММ(1/СЧЁТЕСЛИ(A2:A100; A2:A100))\n\nТакую формулу при необходимости вводят как формулу массива. Результат — количество различных значений.\n\nВариант 2: через вспомогательный столбец:\n1. В соседнем столбце (B2) определите, первая ли это встреча значения:\n =ЕСЛИ(СЧЁТЕСЛИ($A$2:A2; A2)=1; 1; 0)\n2. Протяните формулу вниз до B100.\n3. Просуммируйте столбец B: =СУММ(B2:B100).\nРезультат покажет число уникальных значений в A2:A100.\n\nВариант 3: через сводную таблицу:\n1. Постройте сводную таблицу с полем (например, \""Клиент\"") в область \""Строки\"".\n2. Количество уникальных имен клиентов будет равно числу строк в сводной.\n\nСоветы:\n- Перед подсчетом уникальных значений очистите данные от лишних пробелов и разных написаний (\""ООО Пример\"" и \""ООО  Пример\"").\n- Для текстовых полей полезно применять функцию СЖПРОБЕЛЫ и приведение регистра к единому виду.""}"
spreadsheet-assistance;Как организовать совместную работу и защиту данных в таблицах Р7-Офис?;;"{""text_content"":""Совместная работа в таблицах Р7-Офис позволяет нескольким пользователям одновременно редактировать документ, а защита листов и диапазонов помогает избежать случайных изменений важной информации.\n\nСовместное редактирование:\n- Разместите файл в общем хранилище Р7-Офис или корпоративном облаке.\n- Настройте права доступа: \""только просмотр\"", \""комментирование\"" или \""редактирование\"" для отдельных пользователей или групп.\n- При одновременной работе изменения других пользователей будут видны в режиме реального времени или после обновления.\n\nЗащита листа:\n1. Откройте нужный лист.\n2. Включите защиту листа (обычно меню \""Рецензирование\"" или \""Данные\"" → \""Защитить лист\"").\n3. Установите пароль (по необходимости) и выберите, что разрешено делать: выделять ячейки, сортировать, фильтровать и т.п.\n4. Подтвердите — структура листа и формулы будут защищены.\n\nЗащита диапазона:\n- Выделите диапазон, который должен быть доступен для редактирования (например, только ввод данных).\n- Настройте для него отдельные права (разрешить изменение определенным пользователям) даже при включенной защите листа.\n\nЛучшие практики:\n- Разделяйте \""служебные\"" листы с формулами и справочниками и \""рабочие\"" листы для ввода данных.\n- Включайте защиту перед передачей файла другим отделам, чтобы сохранить корректность формул.\n- Используйте комментарии для обсуждения спорных значений и правок вместо изменения исходных данных.""}"
spreadsheet-formatting;Примени чередующиеся цвета строк для улучшения читаемости;"{""metadata"":{""version"":""1.0""},""worksheet"":{""name"":""Отчет"",""range"":""A1:C4""},""styles"":[{""id"":""header_style"",""background_color"":""#4472C4"",""font_color"":""#FFFFFF"",""font_weight"":""bold"",""font_size"":11},{""id"":""row_style"",""background_color"":""#FFFFFF"",""font_weight"":""normal"",""font_style"":""normal"",""font_size"":11}],""data"":{""header"":{""values"":[""Дата"",""Описание"",""Сумма""],""range"":""A1:C1"",""style"":""header_style""},""rows"":[{""range"":""A2:C2"",""style"":""row_style""},{""range"":""A3:C3"",""style"":""row_style""},{""range"":""A4:C4"",""style"":""row_style""}]}}";"{""metadata"":{""version"":""1.0""},""worksheet"":{""name"":""Отчет"",""range"":""A1:C4""},""styles"":[{""id"":""header_style"",""background_color"":""#4472C4"",""font_color"":""#FFFFFF"",""font_weight"":""bold"",""font_size"":11},{""id"":""even_row_style"",""background_color"":""#F2F2F2"",""font_weight"":""normal"",""font_style"":""normal"",""font_size"":11},{""id"":""odd_row_style"",""background_color"":""#FFFFFF"",""font_weight"":""normal"",""font_style"":""normal"",""font_size"":11}],""data"":{""header"":{""values"":[""Дата"",""Описание"",""Сумма""],""range"":""A1:C1"",""style"":""header_style""},""rows"":[{""range"":""A2:C2"",""style"":""even_row_style""},{""range"":""A3:C3"",""style"":""odd_row_style""},{""range"":""A4:C4"",""style"":""even_row_style""}],""columns"":[{""index"":0,""format"":""dd.mm.yyyy""},{""index"":1,""format"":""General""},{""index"":2,""format"":""#,##0""}]}}"
spreadsheet-formatting;Сделай заголовки жирным шрифтом и переведи столбцы Количество и Цена в числовой формат;"{""metadata"":{""version"":""1.0""},""worksheet"":{""name"":""Продажи"",""range"":""A1:C4""},""styles"":[{""id"":""header_style"",""background_color"":""#4472C4"",""font_color"":""#FFFFFF"",""font_weight"":""normal"",""font_size"":11},{""id"":""row_style"",""background_color"":""#FFFFFF"",""font_weight"":""normal"",""font_style"":""normal"",""font_size"":11}],""data"":{""header"":{""values"":[""Продукт"",""Количество"",""Цена""],""range"":""A1:C1"",""style"":""header_style""},""rows"":[{""range"":""A2:C2"",""style"":""row_style""},{""range"":""A3:C3"",""style"":""row_style""}]},""columns"":[{""index"":0,""format"":""General""},{""index"":1,""format"":""General""},{""index"":2,""format"":""General""}]}";"{""metadata"":{""version"":""1.0""},""worksheet"":{""name"":""Продажи"",""range"":""A1:C4""},""styles"":[{""id"":""header_style"",""background_color"":""#4472C4"",""font_color"":""#FFFFFF"",""font_weight"":""bold"",""font_size"":11},{""id"":""row_style"",""background_color"":""#FFFFFF"",""font_weight"":""normal"",""font_style"":""normal"",""font_size"":11}],""data"":{""header"":{""values"":[""Продукт"",""Количество"",""Цена""],""range"":""A1:C1"",""style"":""header_style""},""rows"":[{""range"":""A2:C2"",""style"":""row_style""},{""range"":""A3:C3"",""style"":""row_style""}]},""columns"":[{""index"":0,""format"":""General""},{""index"":1,""format"":""#,##0""},{""index"":2,""format"":""# ##0.00""}]}"
spreadsheet-formatting;"Выдели отрицательные значения в столбце ""Сумма"" красным цветом";"{""metadata"":{""version"":""1.0""},""worksheet"":{""name"":""Финансы"",""range"":""A1:C5""},""styles"":[{""id"":""header_style"",""background_color"":""#4472C4"",""font_color"":""#FFFFFF"",""font_weight"":""bold"",""font_size"":11},{""id"":""even_row_style"",""background_color"":""#F2F2F2"",""font_weight"":""normal"",""font_style"":""normal"",""font_size"":11},{""id"":""odd_row_style"",""background_color"":""#FFFFFF"",""font_weight"":""normal"",""font_style"":""normal"",""font_size"":11}],""data"":{""header"":{""values"":[""Дата"",""Описание"",""Сумма""],""range"":""A1:C1"",""style"":""header_style""},""rows"":[{""values"":[""01.01.2024"",""Продажа"",15000],""range"":""A2:C2"",""style"":""even_row_style""},{""values"":[""02.01.2024"",""Покупка"",-8000],""range"":""A3:C3"",""style"":""odd_row_style""},{""values"":[""03.01.2024"",""Оплата"",-3000],""range"":""A4:C4"",""style"":""even_row_style""},{""values"":[""04.01.2024"",""Возврат"",2500],""range"":""A5:C5"",""style"":""odd_row_style""}]},""columns"":[{""index"":0,""format"":""dd/mm/yyyy""},{""index"":1,""format"":""General""},{""index"":2,""format"":""# ##0.00""}]}";"{""metadata"":{""version"":""1.0""},""worksheet"":{""name"":""Финансы"",""range"":""A1:C5""},""styles"":[{""id"":""header_style"",""background_color"":""#4472C4"",""font_color"":""#FFFFFF"",""font_weight"":""bold"",""font_size"":11},{""id"":""even_row_style"",""background_color"":""#F2F2F2"",""font_weight"":""normal"",""font_style"":""normal"",""font_size"":11},{""id"":""odd_row_style"",""background_color"":""#FFFFFF"",""font_weight"":""normal"",""font_style"":""normal"",""font_size"":11},{""id"":""negative_value_style"",""font_color"":""#FF0000"",""font_weight"":""normal"",""font_style"":""normal"",""font_size"":11}],""data"":{""header"":{""values"":[""Дата"",""Описание"",""Сумма""],""range"":""A1:C1"",""style"":""header_style""},""rows"":[{""values"":[""01.01.2024"",""Продажа"",15000],""range"":""A2:C2"",""style"":""even_row_style""},{""values"":[""02.01.2024"",""Покупка"",-8000],""range"":""A3:C3"",""style"":""negative_value_style""},{""values"":[""03.01.2024"",""Оплата"",-3000],""range"":""A4:C4"",""style"":""negative_value_style""},{""values"":[""04.01.2024"",""Возврат"",2500],""range"":""A5:C5"",""style"":""odd_row_style""}]},""columns"":[{""index"":0,""format"":""dd/mm/yyyy""},{""index"":1,""format"":""General""},{""index"":2,""format"":""# ##0.00""}]}"
spreadsheet-formatting;Переведи столбцы Количество и Цена в числовой формат;"{""metadata"":{""version"":""1.0""},""worksheet"":{""name"":""Продажи"",""range"":""A1:C4""},""styles"":[{""id"":""header_style"",""background_color"":""#4472C4"",""font_color"":""#FFFFFF"",""font_weight"":""normal"",""font_size"":11},{""id"":""row_style"",""background_color"":""#FFFFFF"",""font_weight"":""normal"",""font_style"":""normal"",""font_size"":11}],""data"":{""header"":{""values"":[""Продукт"",""Количество"",""Цена""],""range"":""A1:C1"",""style"":""header_style""},""rows"":[{""values"":[""Товар А"",""10"",""1500""],""range"":""A2:C2"",""style"":""row_style""},{""values"":[""Товар B"",""25"",""799.99""],""range"":""A3:C3"",""style"":""row_style""}]},""columns"":[{""index"":0,""format"":""General""},{""index"":1,""format"":""General""},{""index"":2,""format"":""General""}]}";"{""metadata"":{""version"":""1.0""},""worksheet"":{""name"":""Продажи"",""range"":""A1:C4""},""styles"":[{""id"":""header_style"",""background_color"":""#4472C4"",""font_color"":""#FFFFFF"",""font_weight"":""normal"",""font_size"":11},{""id"":""row_style"",""background_color"":""#FFFFFF"",""font_weight"":""normal"",""font_style"":""normal"",""font_size"":11}],""data"":{""header"":{""values"":[""Продукт"",""Количество"",""Цена""],""range"":""A1:C1"",""style"":""header_style""},""rows"":[{""values"":[""Товар А"",10,1500],""range"":""A2:C2"",""style"":""row_style""},{""values"":[""Товар B"",25,799.99],""range"":""A3:C3"",""style"":""row_style""}]},""columns"":[{""index"":0,""format"":""General""},{""index"":1,""format"":""#,##0""},{""index"":2,""format"":""# ##0.00""}]}"
spreadsheet-generation;Создай таблицу с данными о сотрудниках: Имя, Фамилия, Должность, Дата рождения, Зарплата. Сгенерируй 5 строк.;;"{""metadata"":{""version"":""1.0""},""worksheet"":{""name"":""Сотрудники"",""range"":""A1:E6""},""styles"":[{""id"":""header_style"",""background_color"":""#4472C4"",""font_color"":""#FFFFFF"",""font_weight"":""bold""}],""data"":{""header"":{""values"":[""Имя"",""Фамилия"",""Должность"",""Дата рождения"",""Зарплата""],""range"":""A1:E1"",""style"":""header_style""},""rows"":[{""values"":[""Иван"",""Петров"",""Менеджер"",""15.03.1985"",65000],""range"":""A2:E2""},{""values"":[""Мария"",""Сидорова"",""Аналитик"",""22.07.1990"",58000],""range"":""A3:E3""},{""values"":[""Алексей"",""Иванов"",""Разработчик"",""10.11.1988"",72000],""range"":""A4:E4""},{""values"":[""Елена"",""Козлова"",""Дизайнер"",""05.04.1992"",55000],""range"":""A5:E5""},{""values"":[""Дмитрий"",""Морозов"",""Тестировщик"",""18.09.1987"",52000],""range"":""A6:E6""}]},""columns"":[{""index"":0,""format"":""General""},{""index"":1,""format"":""General""},{""index"":2,""format"":""General""},{""index"":3,""format"":""dd/mm/yyyy""},{""index"":4,""format"":""# ##0.00""}]}"
spreadsheet-generation;Сгенерируй таблицу продаж для 5 товаров с полями 'Наименование','Цена','Количество','Выручка';;"{""metadata"":{""version"":""1.0""},""worksheet"":{""name"":""Продажи товаров"",""range"":""A1:D6""},""styles"":[{""id"":""header_style"",""background_color"":""#4472C4"",""font_color"":""#FFFFFF"",""font_weight"":""bold""}],""data"":{""header"":{""values"":[""Наименование"",""Цена"",""Количество"",""Выручка""],""range"":""A1:D1"",""style"":""header_style""},""rows"":[{""values"":[""Футболка"",1200,45,""=B2*C2""],""range"":""A2:D2""},{""values"":[""Джинсы"",2500,18,""=B3*C3""],""range"":""A3:D3""},{""values"":[""Ботинки"",4990,27,""=B4*C4""],""range"":""A4:D4""},{""values"":[""Сумка"",3250,8,""=B5*C5""],""range"":""A5:D5""},{""values"":[""Зонт"",1400,15,""=B6*C6""],""range"":""A6:D6""}]},""columns"":[{""index"":0,""format"":""General""},{""index"":1,""format"":""# ##0.00""},{""index"":2,""format"":""0""},{""index"":3,""format"":""# ##0.00""}]}"
spreadsheet-generation;Создай таблицу финансовых операций с колонками: Дата, Тип операции, Категория, Описание, Сумма;;"{""metadata"":{""version"":""1.0""},""worksheet"":{""name"":""Финансовые операции"",""range"":""A1:E11""},""styles"":[{""id"":""header_style"",""background_color"":""#4472C4"",""font_color"":""#FFFFFF"",""font_weight"":""bold""}],""data"":{""header"":{""values"":[""Дата"",""Тип операции"",""Категория"",""Описание"",""Сумма""],""range"":""A1:E1"",""style"":""header_style""},""rows"":[{""values"":[""01.01.2024"",""Доход"",""Продажи"",""Оплата от клиента ABC"",150000],""range"":""A2:E2""},{""values"":[""02.01.2024"",""Расход"",""Зарплата"",""Выплата зарплаты сотрудникам"",-320000],""range"":""A3:E3""},{""values"":[""03.01.2024"",""Расход"",""Аренда"",""Оплата аренды офиса"",-45000],""range"":""A4:E4""},{""values"":[""05.01.2024"",""Доход"",""Продажи"",""Оплата от клиента XYZ"",85000],""range"":""A5:E5""},{""values"":[""07.01.2024"",""Расход"",""Материалы"",""Закупка комплектующих"",-28000],""range"":""A6:E6""},{""values"":[""10.01.2024"",""Доход"",""Услуги"",""Оплата за консультации"",42000],""range"":""A7:E7""},{""values"":[""12.01.2024"",""Расход"",""Маркетинг"",""Рекламная кампания"",-18000],""range"":""A8:E8""},{""values"":[""15.01.2024"",""Расход"",""Налоги"",""Оплата НДС"",-35000],""range"":""A9:E9""},{""values"":[""18.01.2024"",""Доход"",""Продажи"",""Оплата от клиента DEF"",67000],""range"":""A10:E10""},{""values"":[""20.01.2024"",""Расход"",""Оборудование"",""Покупка нового принтера"",-22000],""range"":""A11:E11""}]},""columns"":[{""index"":0,""format"":""dd/mm/yyyy""},{""index"":1,""format"":""General""},{""index"":2,""format"":""General""},{""index"":3,""format"":""General""},{""index"":4,""format"":""# ##0.00""}]}"
spreadsheet-generation;Сгенерируй таблицу для 5 случайных бросков пары игральных кубиков с полями 'Первый кубик','Второй кубик','Сумма';;"{""metadata"":{""version"":""1.0""},""worksheet"":{""name"":""Броски кубиков"",""range"":""A1:C6""},""styles"":[{""id"":""header_style"",""background_color"":""#4472C4"",""font_color"":""#FFFFFF"",""font_weight"":""bold""}],""data"":{""header"":{""values"":[""Первый кубик"",""Второй кубик"",""Сумма""],""range"":""A1:C1"",""style"":""header_style""},""rows"":[{""values"":[3,6,""=A2+B2""],""range"":""A2:C2""},{""values"":[2,4,""=A3+B3""],""range"":""A3:C3""},{""values"":[3,1,""=A4+B4""],""range"":""A4:C4""},{""values"":[5,3,""=A5+B5""],""range"":""A5:C5""},{""values"":[6,4,""=A6+B6""],""range"":""A6:C6""}]},""columns"":[{""index"":0,""format"":""0""},{""index"":1,""format"":""0""},{""index"":2,""format"":""0""}]}"
spreadsheet-generation;Синтезируй таблицу изменения цены акции во времени, с полями 'Время', 'Цена открытия', 'Максимальная цена', 'Минимальная цена', 'Цена закрытия'. Временной  интервал 10:00-12:00 c шагом 15 минут. Диапазон цены от 97,4 до 102,8;;"{""metadata"":{""version"":""1.0""},""worksheet"":{""name"":""Цены акций"",""range"":""A1:E10""},""styles"":[{""id"":""header_style"",""background_color"":""#4472C4"",""font_color"":""#FFFFFF"",""font_weight"":""bold""}],""data"":{""header"":{""values"":[""Время"",""Цена открытия"",""Максимальная цена"",""Минимальная цена"",""Цена закрытия""],""range"":""A1:E1"",""style"":""header_style""},""rows"":[{""values"":[""10:00"",100.28,100.32,99.87,99.97],""range"":""A2:E2""},{""values"":[""10:15"",100.44,101.46,99.1,99.31],""range"":""A3:E3""},{""values"":[""10:30"",99.15,99.19,98.82,99.01],""range"":""A4:E4""},{""values"":[""10:45"",98.06,98.36,97.4,97.92],""range"":""A5:E5""},{""values"":[""11:00"",97.4,98.28,97.4,97.41],""range"":""A6:E6""},{""values"":[""11:15"",98.02,99.07,97.51,97.75],""range"":""A7:E7""},{""values"":[""11:30"",98.66,99.16,98.52,98.58],""range"":""A8:E8""},{""values"":[""11:45"",99.27,100.18,98.06,99.61],""range"":""A9:E9""},{""values"":[""12:00"",99.68,101.14,99.11,100.23],""range"":""A10:E10""}]},""columns"":[{""index"":0,""format"":""hh:mm""},{""index"":1,""format"":""# ##0.00""},{""index"":2,""format"":""# ##0.00""},{""index"":3,""format"":""# ##0.00""},{""index"":4,""format"":""# ##0.00""}]}"
spreadsheet-generation;Синтезируй таблицу инвентаризации товаров с полями 'Наименование товара', 'Количество', 'Цена за единицу', 'Категория', 'Общая стоимость'. Включи 5 товаров различных категорий электроники;;"{""metadata"":{""version"":""1.0""},""worksheet"":{""name"":""Инвентаризация"",""range"":""A1:E7""},""styles"":[{""id"":""header_style"",""background_color"":""#4472C4"",""font_color"":""#FFFFFF"",""font_weight"":""bold""}],""data"":{""header"":{""values"":[""Наименование товара"",""Количество"",""Цена за единицу"",""Категория"",""Общая стоимость""],""range"":""A1:E1"",""style"":""header_style""},""rows"":[{""values"":[""Процессор Intel Core i7"",15,18500,""Электроника"",""=B2*C2""],""range"":""A2:E2""},{""values"":[""Оперативная память 16GB"",42,4200,""Электроника"",""=B3*C3""],""range"":""A3:E3""},{""values"":[""SSD Samsung 1TB"",28,7800,""Электроника"",""=B4*C4""],""range"":""A4:E4""},{""values"":[""Монитор LG 27 дюймов"",12,15000,""Оборудование"",""=B5*C5""],""range"":""A5:E5""},{""values"":[""Клавиатура механическая"",35,6500,""Периферия"",""=B6*C6""],""range"":""A6:E6""}]},""columns"":[{""index"":0,""format"":""General""},{""index"":1,""format"":""0""},{""index"":2,""format"":""# ##0.00""},{""index"":3,""format"":""General""},{""index"":4,""format"":""# ##0.00""}]}"
spreadsheet-generation;Синтезируй кулинарный справочник с полями 'Название блюда', 'Кухня', 'Время приготовления мин', 'Количество порций', 'Сложность'. Добавь 5 рецептов разных кухонь мира;;"{""metadata"":{""version"":""1.0""},""worksheet"":{""name"":""Рецепты"",""range"":""A1:E7""},""styles"":[{""id"":""header_style"",""background_color"":""#4472C4"",""font_color"":""#FFFFFF"",""font_weight"":""bold""}],""data"":{""header"":{""values"":[""Название блюда"",""Кухня"",""Время приготовления мин"",""Количество порций"",""Сложность""],""range"":""A1:E1"",""style"":""header_style""},""rows"":[{""values"":[""Борщ"",""Украинская"",60,4,""Среднее""],""range"":""A2:E2""},{""values"":[""Паста Карбонара"",""Итальянская"",20,2,""Легкое""],""range"":""A3:E3""},{""values"":[""Бефстроганов"",""Русская"",45,4,""Среднее""],""range"":""A4:E4""},{""values"":[""Роллы с лососем"",""Японская"",30,2,""Сложное""],""range"":""A5:E5""},{""values"":[""Омлет с грибами"",""Европейская"",15,1,""Легкое""],""range"":""A6:E6""}]},""columns"":[{""index"":0,""format"":""General""},{""index"":1,""format"":""General""},{""index"":2,""format"":""0""},{""index"":3,""format"":""0""},{""index"":4,""format"":""General""}]}"
spreadsheet-generation;Синтезируй таблицу метеорологических данных с полями 'Дата', 'Минимальная температура', 'Максимальная температура', 'Влажность %', 'Давление мб'. Сгенерируй данные за 7 дней начиная с 01.01.2024;;"{""metadata"":{""version"":""1.0""},""worksheet"":{""name"":""Погода"",""range"":""A1:E9""},""styles"":[{""id"":""header_style"",""background_color"":""#4472C4"",""font_color"":""#FFFFFF"",""font_weight"":""bold""}],""data"":{""header"":{""values"":[""Дата"",""Минимальная температура"",""Максимальная температура"",""Влажность %"",""Давление мбар""],""range"":""A1:E1"",""style"":""header_style""},""rows"":[{""values"":[""01.01.2024"",1.4,9.6,57,1015],""range"":""A2:E2""},{""values"":[""02.01.2024"",-2.8,10.4,83,1025],""range"":""A3:E3""},{""values"":[""03.01.2024"",-4.1,6.9,41,1010],""range"":""A4:E4""},{""values"":[""04.01.2024"",-2.8,8.7,41,1025],""range"":""A5:E5""},{""values"":[""05.01.2024"",-3.0,9.5,74,1021],""range"":""A6:E6""},{""values"":[""06.01.2024"",-2.8,9.3,91,1008],""range"":""A7:E7""},{""values"":[""07.01.2024"",2.6,11.7,67,1018],""range"":""A8:E8""}]},""columns"":[{""index"":0,""format"":""dd/mm/yyyy""},{""index"":1,""format"":""0.0""},{""index"":2,""format"":""0.0""},{""index"":3,""format"":""0""},{""index"":4,""format"":""0""}]}"
spreadsheet-generation;Создай расписание занятий с полями 'Время', 'Предмет', 'Аудитория', 'Преподаватель', 'Группа'. Добавь 5 пар занятий в разное время;;"{""metadata"":{""version"":""1.0""},""worksheet"":{""name"":""Расписание"",""range"":""A1:E7""},""styles"":[{""id"":""header_style"",""background_color"":""#4472C4"",""font_color"":""#FFFFFF"",""font_weight"":""bold""}],""data"":{""header"":{""values"":[""Время"",""Предмет"",""Аудитория"",""Преподаватель"",""Группа""],""range"":""A1:E1"",""style"":""header_style""},""rows"":[{""values"":[""09:00-10:30"",""Математика"",""Кабинет 101"",""Иванов А.И."",""Группа А""],""range"":""A2:E2""},{""values"":[""10:45-12:15"",""Литература"",""Кабинет 102"",""Петрова М.В."",""Группа А""],""range"":""A3:E3""},{""values"":[""13:00-14:30"",""История"",""Кабинет 103"",""Сидоров И.Н."",""Группа А""],""range"":""A4:E4""},{""values"":[""14:45-16:15"",""Физика"",""Кабинет 104"",""Смирнов В.А."",""Группа Б""],""range"":""A5:E5""},{""values"":[""16:30-18:00"",""Английский"",""Кабинет 105"",""Морозова Е.Л."",""Группа Б""],""range"":""A6:E6""}]},""columns"":[{""index"":0,""format"":""General""},{""index"":1,""format"":""General""},{""index"":2,""format"":""General""},{""index"":3,""format"":""General""},{""index"":4,""format"":""General""}]}"
spreadsheet-generation;Генерируй таблицу статистики веб-сайта с полями 'Дата', 'Всего посещений', 'Уникальные посетители', 'Страниц на посещение'. Создай 7 дней данных с реалистичными показателями трафика;;"{""metadata"":{""version"":""1.0""},""worksheet"":{""name"":""Статистика посещений"",""range"":""A1:D9""},""styles"":[{""id"":""header_style"",""background_color"":""#4472C4"",""font_color"":""#FFFFFF"",""font_weight"":""bold""}],""data"":{""header"":{""values"":[""Дата"",""Всего посещений"",""Уникальные посетители"",""Страниц на посещение""],""range"":""A1:D1"",""style"":""header_style""},""rows"":[{""values"":[""01.11.2024"",169,136,4.59],""range"":""A2:D2""},{""values"":[""02.11.2024"",223,222,3.89],""range"":""A3:D3""},{""values"":[""03.11.2024"",199,158,4.3],""range"":""A4:D4""},{""values"":[""04.11.2024"",159,132,3.8],""range"":""A5:D5""},{""values"":[""05.11.2024"",340,259,5.06],""range"":""A6:D6""},{""values"":[""06.11.2024"",430,322,3.68],""range"":""A7:D7""},{""values"":[""07.11.2024"",179,113,4.96],""range"":""A8:D8""}]},""columns"":[{""index"":0,""format"":""dd/mm/yyyy""},{""index"":1,""format"":""0""},{""index"":2,""format"":""0""},{""index"":3,""format"":""0.00""}]}"
spreadsheet-generation;Сгенерируй таблицу оценок студентов с полями 'ФИО студента', 'Предмет 1', 'Предмет 2', 'Предмет 3', 'Средняя оценка'. Добавь 5 студентов с реалистичными оценками от 70 до 100;;"{""metadata"":{""version"":""1.0""},""worksheet"":{""name"":""Оценки студентов"",""range"":""A1:E7""},""styles"":[{""id"":""header_style"",""background_color"":""#4472C4"",""font_color"":""#FFFFFF"",""font_weight"":""bold""}],""data"":{""header"":{""values"":[""ФИО студента"",""Предмет 1"",""Предмет 2"",""Предмет 3"",""Средняя оценка""],""range"":""A1:E1"",""style"":""header_style""},""rows"":[{""values"":[""Александр Петров"",85,90,78,""=СРЗНАЧ(B2:D2)""],""range"":""A2:E2""},{""values"":[""Виктория Соколова"",92,88,95,""=СРЗНАЧ(B3:D3)""],""range"":""A3:E3""},{""values"":[""Дмитрий Волков"",76,82,79,""=СРЗНАЧ(B4:D4)""],""range"":""A4:E4""},{""values"":[""Елена Морозова"",88,91,87,""=СРЗНАЧ(B5:D5)""],""range"":""A5:E5""},{""values"":[""Федор Иванов"",95,93,92,""=СРЗНАЧ(B6:D6)""],""range"":""A6:E6""}]},""columns"":[{""index"":0,""format"":""General""},{""index"":1,""format"":""0""},{""index"":2,""format"":""0""},{""index"":3,""format"":""0""},{""index"":4,""format"":""0.00""}]}"
spreadsheet-generation;Создай каталог библиотеки с полями 'Название', 'Автор', 'Жанр', 'Год издания', 'Доступна'. Добавь 5 классических произведений русской литературы;;"{""metadata"":{""version"":""1.0""},""worksheet"":{""name"":""Библиотека"",""range"":""A1:E7""},""styles"":[{""id"":""header_style"",""background_color"":""#4472C4"",""font_color"":""#FFFFFF"",""font_weight"":""bold""}],""data"":{""header"":{""values"":[""Название"",""Автор"",""Жанр"",""Год издания"",""Доступна""],""range"":""A1:E1"",""style"":""header_style""},""rows"":[{""values"":[""Война и мир"",""Лев Толстой"",""Роман"",1869,""Да""],""range"":""A2:E2""},{""values"":[""Преступление и наказание"",""Федор Достоевский"",""Роман"",1866,""Да""],""range"":""A3:E3""},{""values"":[""Мастер и Маргарита"",""Михаил Булгаков"",""Роман"",1967,""Нет""],""range"":""A4:E4""},{""values"":[""Анна Каренина"",""Лев Толстой"",""Роман"",1877,""Да""],""range"":""A5:E5""},{""values"":[""Евгений Онегин"",""Александр Пушкин"",""Поэма"",1833,""Да""],""range"":""A6:E6""}]},""columns"":[{""index"":0,""format"":""General""},{""index"":1,""format"":""General""},{""index"":2,""format"":""General""},{""index"":3,""format"":""0""},{""index"":4,""format"":""General""}]}"
spreadsheet-generation;Создай каталог автомобилей с полями 'Модель', 'Год выпуска', 'Тип топлива', 'Коробка передач', 'Цена, руб'. Добавь 5 популярных моделей на российском рынке;;"{""metadata"":{""version"":""1.0""},""worksheet"":{""name"":""Автомобили"",""range"":""A1:E7""},""styles"":[{""id"":""header_style"",""background_color"":""#4472C4"",""font_color"":""#FFFFFF"",""font_weight"":""bold""}],""data"":{""header"":{""values"":[""Модель"",""Год выпуска"",""Тип топлива"",""Коробка передач"",""Цена, руб""],""range"":""A1:E1"",""style"":""header_style""},""rows"":[{""values"":[""Toyota Camry"",2023,""Гибрид"",""Автомат"",2450000],""range"":""A2:E2""},{""values"":[""BMW X5"",2023,""Бензин"",""Автомат"",6800000],""range"":""A3:E3""},{""values"":[""Volkswagen Polo"",2022,""Бензин"",""Механика"",1400000],""range"":""A4:E4""},{""values"":[""Mercedes-Benz E-Class"",2023,""Дизель"",""Автомат"",7200000],""range"":""A5:E5""},{""values"":[""Lada Vesta"",2023,""Бензин"",""Механика"",650000],""range"":""A6:E6""}]},""columns"":[{""index"":0,""format"":""General""},{""index"":1,""format"":""0""},{""index"":2,""format"":""General""},{""index"":3,""format"":""General""},{""index"":4,""format"":""#,##0""}]}"
spreadsheet-generation;Синтезируй таблицу продаж по регионам с полями 'Регион', 'Месяц', 'Объем продаж', 'Целевой показатель', '% выполнения'. Включи 5 крупных городов России с реалистичными показателями;;"{""metadata"":{""version"":""1.0""},""worksheet"":{""name"":""Продажи регионы"",""range"":""A1:E7""},""styles"":[{""id"":""header_style"",""background_color"":""#4472C4"",""font_color"":""#FFFFFF"",""font_weight"":""bold""}],""data"":{""header"":{""values"":[""Регион"",""Месяц"",""Объем продаж"",""Целевой показатель"",""% выполнения""],""range"":""A1:E1"",""style"":""header_style""},""rows"":[{""values"":[""Москва"",""Январь"",450000,520000,""=B2/C2""],""range"":""A2:E2""},{""values"":[""Санкт-Петербург"",""Январь"",280000,310000,""=B3/C3""],""range"":""A3:E3""},{""values"":[""Казань"",""Январь"",180000,195000,""=B4/C4""],""range"":""A4:E4""},{""values"":[""Екатеринбург"",""Январь"",220000,245000,""=B5/C5""],""range"":""A5:E5""},{""values"":[""Новосибирск"",""Январь"",150000,165000,""=B6/C6""],""range"":""A6:E6""}]},""columns"":[{""index"":0,""format"":""General""},{""index"":1,""format"":""General""},{""index"":2,""format"":""#,##0""},{""index"":3,""format"":""#,##0""},{""index"":4,""format"":""0%""}]}"
spreadsheet-generation;Синтезируй таблицу спортивных результатов с полями 'ФИО спортсмена', 'Дисциплина', 'Вид спорта', 'Результат', 'Медаль'. Добавь 5 спортсменов разных видов спорта с медалями разного достоинства;;"{""metadata"":{""version"":""1.0""},""worksheet"":{""name"":""Спортивные результаты"",""range"":""A1:E7""},""styles"":[{""id"":""header_style"",""background_color"":""#4472C4"",""font_color"":""#FFFFFF"",""font_weight"":""bold""}],""data"":{""header"":{""values"":[""ФИО спортсмена"",""Дисциплина"",""Вид спорта"",""Результат"",""Медаль""],""range"":""A1:E1"",""style"":""header_style""},""rows"":[{""values"":[""Алексей Морозов"",""Бег 100м"",""Легкая атлетика"",""9.87"",""Золото""],""range"":""A2:E2""},{""values"":[""Виктория Петрова"",""Прыжок в длину"",""Легкая атлетика"",""7.42"",""Серебро""],""range"":""A3:E3""},{""values"":[""Дмитрий Иванов"",""Плавание 200м"",""Плавание"",""1:48.32"",""Золото""],""range"":""A4:E4""},{""values"":[""Елена Сорокина"",""Спортивная гимнастика"",""Гимнастика"",""14.85"",""Золото""],""range"":""A5:E5""},{""values"":[""Федор Козлов"",""Тяжелая атлетика"",""Тяжелая атлетика"",""210.5"",""Серебро""],""range"":""A6:E6""}]},""columns"":[{""index"":0,""format"":""General""},{""index"":1,""format"":""General""},{""index"":2,""format"":""General""},{""index"":3,""format"":""General""},{""index"":4,""format"":""General""}]}"
spreadsheet-generation;Создай каталог недвижимости с полями 'Тип недвижимости', 'Местоположение', 'Площадь м²', 'Тип рынка', 'Цена, руб', 'Цена м², руб'. Добавь 5 объектов недвижимости разных типов;;"{""metadata"":{""version"":""1.0""},""worksheet"":{""name"":""Недвижимость"",""range"":""A1:F7""},""styles"":[{""id"":""header_style"",""background_color"":""#4472C4"",""font_color"":""#FFFFFF"",""font_weight"":""bold""}],""data"":{""header"":{""values"":[""Тип недвижимости"",""Местоположение"",""Площадь м²"",""Тип рынка"",""Цена, руб"",""Цена м², руб""],""range"":""A1:F1"",""style"":""header_style""},""rows"":[{""values"":[""Квартира 2-комн"",""Москва, ул. Ленина"",55,""Новостройка"",6800000,123818],""range"":""A2:F2""},{""values"":[""Квартира 3-комн"",""Москва, пр. Авиа"",78,""Вторичный рынок"",8500000,109000],""range"":""A3:F3""},{""values"":[""Дом"",""Московская область"",150,""Новостройка"",12000000,80000],""range"":""A4:F4""},{""values"":[""Студия"",""Москва, ул. Гоголя"",25,""Вторичный рынок"",3200000,128000],""range"":""A5:F5""},{""values"":[""Квартира 1-комн"",""Санкт-Петербург"",35,""Новостройка"",3500000,100000],""range"":""A6:F6""}]},""columns"":[{""index"":0,""format"":""General""},{""index"":1,""format"":""General""},{""index"":2,""format"":""0""},{""index"":3,""format"":""General""},{""index"":4,""format"":""#,##0""},{""index"":5,""format"":""#,##0""}]}"
spreadsheet-generation;Синтезируй каталог туристических маршрутов с полями 'Маршрут', 'Страна', 'Длительность дней', 'Цена, руб', 'Тип тура', 'Сезон'. Добавь 5 туров разных направлений по всему миру;;"{""metadata"":{""version"":""1.0""},""worksheet"":{""name"":""Туры"",""range"":""A1:F7""},""styles"":[{""id"":""header_style"",""background_color"":""#4472C4"",""font_color"":""#FFFFFF"",""font_weight"":""bold""}],""data"":{""header"":{""values"":[""Маршрут"",""Страна"",""Длительность дней"",""Цена, руб"",""Тип тура"",""Сезон""],""range"":""A1:F1"",""style"":""header_style""},""rows"":[{""values"":[""Золотое кольцо России"",""Россия"",7,45000,""Экскурсионный"",""Май-Сентябрь""],""range"":""A2:F2""},{""values"":[""Горы Кавказа"",""Россия"",10,65000,""Активный туризм"",""Июнь-Сентябрь""],""range"":""A3:F3""},{""values"":[""Египет - древние чудеса"",""Египет"",9,55000,""Культурный"",""Март-Май""],""range"":""A4:F4""},{""values"":[""Швейцария - Альпы"",""Швейцария"",8,85000,""Горный туризм"",""Июль-Сентябрь""],""range"":""A5:F5""},{""values"":[""Таиланд - остров Бали"",""Таиланд"",12,42000,""Пляжный отдых"",""Ноябрь-Март""],""range"":""A6:F6""}]},""columns"":[{""index"":0,""format"":""General""},{""index"":1,""format"":""General""},{""index"":2,""format"":""0""},{""index"":3,""format"":""#,##0""},{""index"":4,""format"":""General""},{""index"":5,""format"":""General""}]}"
spreadsheet-generation;Синтезируй таблицу проектов компании с полями 'Название проекта', 'Тип', 'Дата начала', 'Дата окончания', 'Прогресс', 'Статус'. Включи 5 проектов на разных этапах выполнения;;"{""metadata"":{""version"":""1.0""},""worksheet"":{""name"":""Проекты"",""range"":""A1:F7""},""styles"":[{""id"":""header_style"",""background_color"":""#4472C4"",""font_color"":""#FFFFFF"",""font_weight"":""bold""}],""data"":{""header"":{""values"":[""Название проекта"",""Тип"",""Дата начала"",""Дата окончания"",""Прогресс"",""Статус""],""range"":""A1:F1"",""style"":""header_style""},""rows"":[{""values"":[""Мобильное приложение"",""Разработка"",""25.09.2024"",""15.12.2024"",""75%"",""В процессе""],""range"":""A2:F2""},{""values"":[""Редизайн сайта"",""Дизайн"",""01.10.2024"",""30.11.2024"",""50%"",""В процессе""],""range"":""A3:F3""},{""values"":[""API интеграция"",""Разработка"",""15.08.2024"",""20.10.2024"",""100%"",""Завершено""],""range"":""A4:F4""},{""values"":[""Маркетинговая кампания"",""Маркетинг"",""10.10.2024"",""25.11.2024"",""30%"",""В процессе""],""range"":""A5:F5""},{""values"":[""Обновление БД"",""Инфраструктура"",""05.09.2024"",""05.11.2024"",""95%"",""На финальной стадии""],""range"":""A6:F6""}]},""columns"":[{""index"":0,""format"":""General""},{""index"":1,""format"":""General""},{""index"":2,""format"":""dd/mm/yyyy""},{""index"":3,""format"":""dd/mm/yyyy""},{""index"":4,""format"":""0%""},{""index"":5,""format"":""General""}]}"
spreadsheet-generation;Создай таблицу пациентов медицинской клиники с полями 'ФИО пациента', 'Дата рождения', 'Специалист', 'Дата приема', 'Время приема', 'Статус'. Добавь 5 пациентов с приемами у разных врачей;;"{""metadata"":{""version"":""1.0""},""worksheet"":{""name"":""Пациенты"",""range"":""A1:F7""},""styles"":[{""id"":""header_style"",""background_color"":""#4472C4"",""font_color"":""#FFFFFF"",""font_weight"":""bold""}],""data"":{""header"":{""values"":[""ФИО пациента"",""Дата рождения"",""Специалист"",""Дата приема"",""Время приема"",""Статус""],""range"":""A1:F1"",""style"":""header_style""},""rows"":[{""values"":[""Иван Сидоров"",""15.05.1980"",""Терапевт"",""25.10.2024"",""10:30"",""ОК""],""range"":""A2:F2""},{""values"":[""Мария Смирнова"",""22.08.1992"",""Кардиолог"",""26.10.2024"",""14:00"",""Требуется уточнение""],""range"":""A3:F3""},{""values"":[""Петр Волков"",""10.12.1975"",""Невролог"",""25.10.2024"",""16:15"",""ОК""],""range"":""A4:F4""},{""values"":[""Ольга Морозова"",""03.03.1988"",""Офтальмолог"",""27.10.2024"",""09:45"",""ОК""],""range"":""A5:F5""},{""values"":[""Сергей Козлов"",""19.07.1995"",""Хирург"",""26.10.2024"",""11:00"",""Требуется уточнение""],""range"":""A6:F6""}]},""columns"":[{""index"":0,""format"":""General""},{""index"":1,""format"":""dd/mm/yyyy""},{""index"":2,""format"":""General""},{""index"":3,""format"":""dd/mm/yyyy""},{""index"":4,""format"":""hh:mm""},{""index"":5,""format"":""General""}]}"
spreadsheet-generation;Синтезируй каталог фильмов с полями 'Название', 'Режиссер', 'Жанр', 'Длительность мин', 'Возрастной рейтинг', 'IMDB рейтинг'. Добавь 5 классических фильмов высокого качества;;"{""metadata"":{""version"":""1.0""},""worksheet"":{""name"":""Фильмы"",""range"":""A1:F7""},""styles"":[{""id"":""header_style"",""background_color"":""#4472C4"",""font_color"":""#FFFFFF"",""font_weight"":""bold""}],""data"":{""header"":{""values"":[""Название"",""Режиссер"",""Жанр"",""Длительность мин"",""Возрастной рейтинг"",""IMDB рейтинг""],""range"":""A1:F1"",""style"":""header_style""},""rows"":[{""values"":[""Интерстеллар"",""Кристофер Нолан"",""Научно-фантастический"",169,""PG-13"",8.6],""range"":""A2:F2""},{""values"":[""Зеленая миля"",""Фрэнк Дарабонт"",""Драма"",189,""R"",8.6],""range"":""A3:F3""},{""values"":[""Начало"",""Кристофер Нолан"",""Научно-фантастический"",148,""PG-13"",8.8],""range"":""A4:F4""},{""values"":[""Джокер"",""Тодд Филлипс"",""Драма"",122,""R"",8.4],""range"":""A5:F5""},{""values"":[""Форрест Гамп"",""Роберт Земекис"",""Драма"",142,""PG-13"",8.8],""range"":""A6:F6""}]},""columns"":[{""index"":0,""format"":""General""},{""index"":1,""format"":""General""},{""index"":2,""format"":""General""},{""index"":3,""format"":""0""},{""index"":4,""format"":""General""},{""index"":5,""format"":""0.0""}]}"
spreadsheet-generation;Создай реестр поставщиков сырья с полями 'Наименование', 'Вид сырья', 'Местоположение', 'Дата сотрудничества', 'Статус', 'Рейтинг'. Добавь 5 поставщиков из разных стран;;"{""metadata"":{""version"":""1.0""},""worksheet"":{""name"":""Поставщики"",""range"":""A1:F7""},""styles"":[{""id"":""header_style"",""background_color"":""#4472C4"",""font_color"":""#FFFFFF"",""font_weight"":""bold""}],""data"":{""header"":{""values"":[""Наименование"",""Вид сырья"",""Местоположение"",""Дата сотрудничества"",""Статус"",""Рейтинг""],""range"":""A1:F1"",""style"":""header_style""},""rows"":[{""values"":[""ООО Сталь+"",""Металл и сплавы"",""Россия, Челябинск"",""25.03.2020"",""Платежеспособен"",4.8],""range"":""A2:F2""},{""values"":[""Партнер Групп"",""Пластмассы и полимеры"",""Беларусь, Минск"",""15.07.2019"",""Платежеспособен"",4.5],""range"":""A3:F3""},{""values"":[""Экспорт Трейд"",""Электроника"",""Китай, Шэньчжэнь"",""10.11.2018"",""Платежеспособен"",4.2],""range"":""A4:F4""},{""values"":[""РЭК Компания"",""Резина и каучук"",""Россия, Ярославль"",""20.05.2021"",""Требуется проверка"",3.9],""range"":""A5:F5""},{""values"":[""Азия Импорт"",""Текстиль"",""Индия, Мумбаи"",""30.01.2020"",""Платежеспособен"",4.1],""range"":""A6:F6""}]},""columns"":[{""index"":0,""format"":""General""},{""index"":1,""format"":""General""},{""index"":2,""format"":""General""},{""index"":3,""format"":""dd/mm/yyyy""},{""index"":4,""format"":""General""},{""index"":5,""format"":""0.0""}]}"
spreadsheet-generation;Синтезируй каталог автозапчастей с полями 'Наименование запчасти', 'Производитель', 'Артикул', 'Категория', 'Цена, руб', 'Остаток на складе'. Добавь 5 запчастей разных категорий для автомобилей;;"{""metadata"":{""version"":""1.0""},""worksheet"":{""name"":""Автозапчасти"",""range"":""A1:F7""},""styles"":[{""id"":""header_style"",""background_color"":""#4472C4"",""font_color"":""#FFFFFF"",""font_weight"":""bold""}],""data"":{""header"":{""values"":[""Наименование запчасти"",""Производитель"",""Артикул"",""Категория"",""Цена, руб"",""Остаток на складе""],""range"":""A1:F1"",""style"":""header_style""},""rows"":[{""values"":[""Фильтр воздушный"",""Mann-Filter"",""C 25 012"",""Двигатель"",850,45],""range"":""A2:F2""},{""values"":[""Тормозные колодки"",""Bosch"",""BP 380"",""Тормозная система"",2400,120],""range"":""A3:F3""},{""values"":[""Масло моторное"",""Mobil"",""Delvac 1300 Super"",""Расходники"",3200,250],""range"":""A4:F4""},{""values"":[""Лампа головного света"",""Philips"",""H7 55W"",""Освещение"",1250,180],""range"":""A5:F5""},{""values"":[""Ремень ГРМ"",""Gates"",""K015443XS"",""Трансмиссия"",4800,25],""range"":""A6:F6""}]},""columns"":[{""index"":0,""format"":""General""},{""index"":1,""format"":""General""},{""index"":2,""format"":""General""},{""index"":3,""format"":""General""},{""index"":4,""format"":""# ##0.00""},{""index"":5,""format"":""0""}]}"
spreadsheet-generation;Синтезируй таблицу результатов лабораторных исследований медицинского препарата с полями 'Наименование испытания', 'Дата проведения', 'Методика анализа', 'Полученный результат', 'Спецификация', 'Статус'. Добавь 5 испытаний для фармацевтического препарата;;"{""metadata"":{""version"":""1.0""},""worksheet"":{""name"":""Лабораторные исследования"",""range"":""A1:F7""},""styles"":[{""id"":""header_style"",""background_color"":""#4472C4"",""font_color"":""#FFFFFF"",""font_weight"":""bold""}],""data"":{""header"":{""values"":[""Наименование испытания"",""Дата проведения"",""Методика анализа"",""Полученный результат"",""Спецификация"",""Статус""],""range"":""A1:F1"",""style"":""header_style""},""rows"":[{""values"":[""Стабильность при комнатной температуре"",""15.09.2024"",""ВЭЖХ"",""98.5"",""95.0-105.0"",""Допуск""],""range"":""A2:F2""},{""values"":[""Растворимость в воде"",""18.09.2024"",""Турбидиметрия"",""Хорошо"",""Хорошо"",""Допуск""],""range"":""A3:F3""},{""values"":[""Микробиологическая чистота"",""22.09.2024"",""Культивирование"",""< 10 КОЕ/мл"",""< 100 КОЕ/мл"",""Допуск""],""range"":""A4:F4""},{""values"":[""Анализ примесей"",""25.09.2024"",""ГХ-МС"",""99.2"",""> 99.0"",""Допуск""],""range"":""A5:F5""},{""values"":[""Испытание на пирогенность"",""28.09.2024"",""LAL тест"",""< 0.5 ЕЭ/мл"",""< 1.0 ЕЭ/мл"",""Допуск""],""range"":""A6:F6""}]},""columns"":[{""index"":0,""format"":""General""},{""index"":1,""format"":""dd/mm/yyyy""},{""index"":2,""format"":""General""},{""index"":3,""format"":""General""},{""index"":4,""format"":""General""},{""index"":5,""format"":""General""}]}"
spreadsheet-generation;Синтезируй реестр акционеров компании с полями 'Наименование акционера', 'Тип акционера', 'Количество акций', 'Доля владения %', 'Страна регистрации', 'Дата регистрации'. Добавь 5 акционеров (физических и юридических лиц) с разными долями владения;;"{""metadata"":{""version"":""1.0""},""worksheet"":{""name"":""Реестр акционеров"",""range"":""A1:F7""},""styles"":[{""id"":""header_style"",""background_color"":""#4472C4"",""font_color"":""#FFFFFF"",""font_weight"":""bold""}],""data"":{""header"":{""values"":[""Наименование акционера"",""Тип акционера"",""Количество акций"",""Доля владения %"",""Страна регистрации"",""Дата регистрации""],""range"":""A1:F1"",""style"":""header_style""},""rows"":[{""values"":[""Петров Иван Сергеевич"",""Физическое лицо"",15000,""15.0"",""Россия"",""10.03.2015""],""range"":""A2:F2""},{""values"":[""ООО Альфа Капитал"",""Юридическое лицо"",25000,""25.0"",""Россия"",""05.07.2018""],""range"":""A3:F3""},{""values"":[""Смирнова Мария Ивановна"",""Физическое лицо"",12000,""12.0"",""Россия"",""22.11.2019""],""range"":""A4:F4""},{""values"":[""FONDS INVEST Ltd."",""Юридическое лицо"",30000,""30.0"",""Люксембург"",""15.01.2020""],""range"":""A5:F5""},{""values"":[""Сидоров Алексей Петрович"",""Физическое лицо"",18000,""18.0"",""Россия"",""08.04.2021""],""range"":""A6:F6""}]},""columns"":[{""index"":0,""format"":""General""},{""index"":1,""format"":""General""},{""index"":2,""format"":""0""},{""index"":3,""format"":""0.0""},{""index"":4,""format"":""General""},{""index"":5,""format"":""dd/mm/yyyy""}]}"
spreadsheet-generation;Синтезируй таблицу результатов маркетингового исследования с полями 'Целевой сегмент', 'Параметр исследования', 'Результат %', 'Минимум доверительного интервала', 'Максимум доверительного интервала', 'Интерпретация'. Добавь 5 результатов исследования для разных целевых сегментов;;"{""metadata"":{""version"":""1.0""},""worksheet"":{""name"":""Маркетинговое исследование"",""range"":""A1:F7""},""styles"":[{""id"":""header_style"",""background_color"":""#4472C4"",""font_color"":""#FFFFFF"",""font_weight"":""bold""}],""data"":{""header"":{""values"":[""Целевой сегмент"",""Параметр исследования"",""Результат %"",""Минимум доверительного интервала"",""Максимум доверительного интервала"",""Интерпретация""],""range"":""A1:F1"",""style"":""header_style""},""rows"":[{""values"":[""Возрастная группа 18-25"",""Осведомленность о бренде"",65,58,72,""Целевая аудитория""],""range"":""A2:F2""},{""values"":[""Возрастная группа 26-40"",""Готовность к покупке"",78,71,85,""Высокий потенциал""],""range"":""A3:F3""},{""values"":[""Возрастная группа 41-55"",""Лояльность к бренду"",82,76,88,""Высокий потенциал""],""range"":""A4:F4""},{""values"":[""Женщины"",""Частота использования продукта"",71,64,78,""Активные пользователи""],""range"":""A5:F5""},{""values"":[""Мужчины"",""Удовлетворенность качеством"",68,61,75,""Умеренно удовлетворены""],""range"":""A6:F6""}]},""columns"":[{""index"":0,""format"":""General""},{""index"":1,""format"":""General""},{""index"":2,""format"":""0""},{""index"":3,""format"":""0""},{""index"":4,""format"":""0""},{""index"":5,""format"":""General""}]}"
spreadsheet-search;Найди все строки, где сумма больше 10000;"{""metadata"":{""version"":""1.0""},""worksheet"":{""name"":""Продажи"",""range"":""A1:C7""},""data"":{""header"":{""values"":[""Дата"",""Продукт"",""Сумма""],""range"":""A1:C1""},""rows"":[{""values"":[""01.01.2024"",""Товар A"",15000],""range"":""A2:C2""},{""values"":[""02.01.2024"",""Товар B"",8000],""range"":""A3:C3""},{""values"":[""03.01.2024"",""Товар C"",12000],""range"":""A4:C4""},{""values"":[""04.01.2024"",""Товар D"",9000],""range"":""A5:C5""},{""values"":[""05.01.2024"",""Товар E"",21000],""range"":""A6:C6""},{""values"":[""06.01.2024"",""Товар F"",7500],""range"":""A7:C7""}]},""columns"":[{""index"":0,""format"":""dd/mm/yyyy""},{""index"":1,""format"":""General""},{""index"":2,""format"":""# ##0.00""}]}";"{""metadata"":{""version"":""1.0""},""worksheet"":{""name"":""Продажи"",""range"":""A1:C4""},""styles"":[{""id"":""header_style"",""background_color"":""#4472C4"",""font_color"":""#FFFFFF"",""font_weight"":""bold"",""font_size"":11},{""id"":""even_row_style"",""background_color"":""#F2F2F2"",""font_weight"":""normal"",""font_style"":""normal"",""font_size"":11},{""id"":""odd_row_style"",""background_color"":""#FFFFFF"",""font_weight"":""normal"",""font_style"":""normal"",""font_size"":11}],""data"":{""header"":{""values"":[""Дата"",""Продукт"",""Сумма""],""range"":""A1:C1"",""style"":""header_style""},""rows"":[{""values"":[""01.01.2024"",""Товар A"",15000],""range"":""A2:C2"",""style"":""even_row_style""},{""values"":[""03.01.2024"",""Товар C"",12000],""range"":""A3:C3"",""style"":""odd_row_style""},{""values"":[""05.01.2024"",""Товар E"",21000],""range"":""A4:C4"",""style"":""even_row_style""}]},""columns"":[{""index"":0,""format"":""dd/mm/yyyy""},{""index"":1,""format"":""General""},{""index"":2,""format"":""# ##0.00""}]}"
spreadsheet-search;"Найди все продукты, названия которых содержат ""Товар""";"{""metadata"":{""version"":""1.0""},""worksheet"":{""name"":""Каталог"",""range"":""A1:C10""},""data"":{""header"":{""values"":[""Код"",""Название"",""Цена""],""range"":""A1:C1""},""rows"":[{""values"":[""A001"",""Товар A"",1500],""range"":""A2:C2""},{""values"":[""B002"",""Услуга B"",2000],""range"":""A3:C3""},{""values"":[""C003"",""Товар C"",1200],""range"":""A4:C4""},{""values"":[""D004"",""Материал D"",800],""range"":""A5:C5""},{""values"":[""E005"",""Товар E"",2100],""range"":""A6:C6""},{""values"":[""F006"",""Работа F"",3000],""range"":""A7:C7""},{""values"":[""G007"",""Товар G"",950],""range"":""A8:C8""}]},""columns"":[{""index"":0,""format"":""General""},{""index"":1,""format"":""General""},{""index"":2,""format"":""# ##0.00""}]}";"{""metadata"":{""version"":""1.0""},""worksheet"":{""name"":""Каталог"",""range"":""A1:C5""},""styles"":[{""id"":""header_style"",""background_color"":""#4472C4"",""font_color"":""#FFFFFF"",""font_weight"":""bold"",""font_size"":11},{""id"":""row_style"",""background_color"":""#FFFFFF"",""font_weight"":""normal"",""font_style"":""normal"",""font_size"":11}],""data"":{""header"":{""values"":[""Код"",""Название"",""Цена""],""range"":""A1:C1"",""style"":""header_style""},""rows"":[{""values"":[""A001"",""Товар A"",1500],""range"":""A2:C2"",""style"":""row_style""},{""values"":[""C003"",""Товар C"",1200],""range"":""A3:C3"",""style"":""row_style""},{""values"":[""E005"",""Товар E"",2100],""range"":""A4:C4"",""style"":""row_style""},{""values"":[""G007"",""Товар G"",950],""range"":""A5:C5"",""style"":""row_style""}]},""columns"":[{""index"":0,""format"":""General""},{""index"":1,""format"":""General""},{""index"":2,""format"":""# ##0.00""}]}"
spreadsheet-search;Найди все заказы в диапазоне дат с 01.01.2024 по 03.01.2024;"{""metadata"":{""version"":""1.0""},""worksheet"":{""name"":""Заказы"",""range"":""A1:D10""},""data"":{""header"":{""values"":[""Номер"",""Дата"",""Клиент"",""Сумма""],""range"":""A1:D1""},""rows"":[{""values"":[""001"",""30.12.2023"",""Клиент A"",15000],""range"":""A2:D2""},{""values"":[""002"",""01.01.2024"",""Клиент B"",8000],""range"":""A3:D3""},{""values"":[""003"",""02.01.2024"",""Клиент C"",12000],""range"":""A4:D4""},{""values"":[""004"",""03.01.2024"",""Клиент D"",9000],""range"":""A5:D5""},{""values"":[""005"",""04.01.2024"",""Клиент E"",21000],""range"":""A6:D6""},{""values"":[""006"",""05.01.2024"",""Клиент F"",7500],""range"":""A7:D7""}]},""columns"":[{""index"":0,""format"":""General""},{""index"":1,""format"":""dd/mm/yyyy""},{""index"":2,""format"":""General""},{""index"":3,""format"":""# ##0.00""}]}";"{""metadata"":{""version"":""1.0""},""worksheet"":{""name"":""Заказы"",""range"":""A1:D4""},""styles"":[{""id"":""header_style"",""background_color"":""#4472C4"",""font_color"":""#FFFFFF"",""font_weight"":""bold"",""font_size"":11},{""id"":""row_style"",""background_color"":""#FFFFFF"",""font_weight"":""normal"",""font_style"":""normal"",""font_size"":11}],""data"":{""header"":{""values"":[""Номер"",""Дата"",""Клиент"",""Сумма""],""range"":""A1:D1"",""style"":""header_style""},""rows"":[{""values"":[""002"",""01.01.2024"",""Клиент B"",8000],""range"":""A2:D2"",""style"":""row_style""},{""values"":[""003"",""02.01.2024"",""Клиент C"",12000],""range"":""A3:D3"",""style"":""row_style""},{""values"":[""004"",""03.01.2024"",""Клиент D"",9000],""range"":""A4:D4"",""style"":""row_style""}]},""columns"":[{""index"":0,""format"":""General""},{""index"":1,""format"":""dd/mm/yyyy""},{""index"":2,""format"":""General""},{""index"":3,""format"":""# ##0.00""}]}"
spreadsheet-transformation;Удали дубликаты строк и отсортируй данные по дате;"{""metadata"":{""version"":""1.0""},""worksheet"":{""name"":""Заказы"",""range"":""A1:C8""},""data"":{""header"":{""values"":[""Дата"",""Клиент"",""Сумма""],""range"":""A1:C1""},""rows"":[{""values"":[""01.01.2024"",""Клиент A"",15000],""range"":""A2:C2""},{""values"":[""02.01.2024"",""Клиент B"",8000],""range"":""A3:C3""},{""values"":[""01.01.2024"",""Клиент A"",15000],""range"":""A4:C4""},{""values"":[""03.01.2024"",""Клиент C"",12000],""range"":""A5:C5""},{""values"":[""02.01.2024"",""Клиент B"",8000],""range"":""A6:C6""},{""values"":[""04.01.2024"",""Клиент D"",21000],""range"":""A7:C7""}]},""columns"":[{""index"":0,""format"":""dd/mm/yyyy""},{""index"":1,""format"":""General""},{""index"":2,""format"":""# ##0.00""}]}";"{""metadata"":{""version"":""1.0""},""worksheet"":{""name"":""Заказы"",""range"":""A1:C5""},""styles"":[{""id"":""sorted_header_style"",""background_color"":""#4472C4"",""font_color"":""#FFFFFF"",""font_weight"":""bold""},{""id"":""deduplicated_row_style"",""background_color"":""#FFFFFF"",""font_weight"":""normal"",""font_style"":""normal"",""font_size"":11}],""data"":{""header"":{""values"":[""Дата"",""Клиент"",""Сумма""],""range"":""A1:C1"",""style"":""sorted_header_style""},""rows"":[{""values"":[""01.01.2024"",""Клиент A"",15000],""range"":""A2:C2"",""style"":""deduplicated_row_style""},{""values"":[""02.01.2024"",""Клиент B"",8000],""range"":""A3:C3"",""style"":""deduplicated_row_style""},{""values"":[""03.01.2024"",""Клиент C"",12000],""range"":""A4:C4"",""style"":""deduplicated_row_style""},{""values"":[""04.01.2024"",""Клиент D"",21000],""range"":""A5:C5"",""style"":""deduplicated_row_style""}]},""columns"":[{""index"":0,""format"":""dd/mm/yyyy""},{""index"":1,""format"":""General""},{""index"":2,""format"":""# ##0.00""}]}"
spreadsheet-transformation;"Объедини поля ""Имя"" и ""Фамилия"" в одно поле ""Полное имя"" и удалите исходные поля";"{""metadata"":{""version"":""1.0""},""worksheet"":{""name"":""Клиенты"",""range"":""A1:D5""},""data"":{""header"":{""values"":[""Имя"",""Фамилия"",""Email"",""Телефон""],""range"":""A1:D1""},""rows"":[{""values"":[""Иван"",""Иванов"",""ivan@example.com"",""+71234567890""],""range"":""A2:D2""},{""values"":[""Петр"",""Петров"",""petr@example.com"",""+70987654321""],""range"":""A3:D3""},{""values"":[""Сидор"",""Сидоров"",""sidor@example.com"",""+71112223344""],""range"":""A4:D4""}]},""columns"":[{""index"":0,""format"":""General""},{""index"":1,""format"":""General""},{""index"":2,""format"":""General""},{""index"":3,""format"":""General""}]}";"{""metadata"":{""version"":""1.0""},""worksheet"":{""name"":""Клиенты"",""range"":""A1:C5""},""styles"":[{""id"":""merge_header_style"",""background_color"":""#FFF2E8"",""font_color"":""#8B4513"",""font_weight"":""bold""},{""id"":""merged_field_style"",""background_color"":""#FFFAF0"",""horizontal_alignment"":""left""}],""data"":{""header"":{""values"":[""Полное имя"",""Email"",""Телефон""],""range"":""A1:C1"",""style"":""merge_header_style""},""rows"":[{""values"":[""Иванов Иван"",""ivan@example.com"",""+71234567890""],""range"":""A2:C2"",""style"":""merged_field_style""},{""values"":[""Петров Петр"",""petr@example.com"",""+70987654321""],""range"":""A3:C3"",""style"":""merged_field_style""},{""values"":[""Сидоров Сидор"",""sidor@example.com"",""+71112223344""],""range"":""A4:C4"",""style"":""merged_field_style""}]},""columns"":[{""index"":0,""format"":""General""},{""index"":1,""format"":""General""},{""index"":2,""format"":""General""}]}"
spreadsheet-transformation;Раздели поле 'Полное имя' на три отдельных поля: 'Имя', 'Фамилия' и 'Отчество' (если есть);"{""metadata"":{""version"":""1.0""},""worksheet"":{""name"":""Клиенты"",""range"":""A1:C5""},""data"":{""header"":{""values"":[""Полное имя"",""Email"",""Телефон""],""range"":""A1:C1""},""rows"":[{""values"":[""Иванов Иван Иванович"",""ivan@example.com"",""+71234567890""],""range"":""A2:C2""},{""values"":[""Петров Петр Петрович"",""petr@example.com"",""+70987654321""],""range"":""A3:C3""},{""values"":[""Сидоров Сидор Сидорович"",""sidor@example.com"",""+71112223344""],""range"":""A4:C4""}]},""columns"":[{""index"":0,""format"":""General""},{""index"":1,""format"":""General""},{""index"":2,""format"":""General""}]}";"{""metadata"":{""version"":""1.0""},""worksheet"":{""name"":""Клиенты"",""range"":""A1:E5""},""styles"":[{""id"":""split_header_style"",""background_color"":""#E8F0FE"",""font_color"":""#174EA6"",""font_weight"":""bold""},{""id"":""split_row_style"",""background_color"":""#FFFFFF"",""font_weight"":""normal"",""font_style"":""normal""}],""data"":{""header"":{""values"":[""Фамилия"",""Имя"",""Отчество"",""Email"",""Телефон""],""range"":""A1:E1"",""style"":""split_header_style""},""rows"":[{""values"":[""Иванов"",""Иван"",""Иванович"",""ivan@example.com"",""+71234567890""],""range"":""A2:E2"",""style"":""split_row_style""},{""values"":[""Петров"",""Петр"",""Петрович"",""petr@example.com"",""+70987654321""],""range"":""A3:E3"",""style"":""split_row_style""},{""values"":[""Сидоров"",""Сидор"",""Сидорович"",""sidor@example.com"",""+71112223344""],""range"":""A4:E4"",""style"":""split_row_style""}]},""columns"":[{""index"":0,""format"":""General""},{""index"":1,""format"":""General""},{""index"":2,""format"":""General""},{""index"":3,""format"":""General""},{""index"":4,""format"":""General""}]}"
spreadsheet-transformation;Увеличь зарплату на 10% всем у кого стаж не менее 7 лет. Выдели желтым фоном измененные строки;"{""spreadsheet_data"":{""metadata"":{""version"":""1.0"",""created_at"":""2025-10-05T09:46:57.309Z""},""worksheet"":{""name"":""Лист2"",""range"":""A1:I6""},""data"":{""header"":{""values"":[""Имя"",""Фамилия"",""Должность"",""Отдел"",""Зарплата"",""Дата приема"",""Возраст"",""Образование"",""Стаж""],""style"":""style_2""},""rows"":[{""values"":[""Евгений"",""Онегин"",""Менеджер"",""Продажи"",85000,""12.06.2018"",29,""Магистр"",6],""style"":""style_1""},{""values"":[""Анна"",""Каренина"",""HR‑специалист"",""HR"",65000,""03.09.2020"",27,""Бакалавр"",4],""style"":""style_1""},{""values"":[""Родион"",""Раскольников"",""Финансовый аналитик"",""Бухгалтерия"",90000,""17.01.2016"",33,""Магистр"",9],""style"":""style_1""},{""values"":[""Гарри"",""Поттер"",""Руководитель проекта"",""ИТ"",110000,""27.11.2014"",39,""Доктор наук"",11],""style"":""style_1""},{""values"":[""Джейн"",""Эйр"",""UI/UX дизайнер"",""Дизайн"",70000,""22.04.2019"",30,""Специалист"",5],""style"":""style_1""}]},""styles"":[{""id"":""style_1"",""font_weight"":""normal"",""font_style"":""normal"",""font_size"":11},{""id"":""style_2"",""background_color"":""#4472c4"",""font_color"":""#ffffff"",""font_weight"":""bold"",""font_style"":""normal"",""font_size"":11}]},""columns"":[{""index"":0,""format"":""General""},{""index"":1,""format"":""General""},{""index"":2,""format"":""General""},{""index"":3,""format"":""General""},{""index"":4,""format"":""0""},{""index"":5,""format"":""dd/mm/yyyy""},{""index"":6,""format"":""0""},{""index"":7,""format"":""General""},{""index"":8,""format"":""0""}]}";"{""spreadsheet_data"":{""metadata"":{""version"":""1.0"",""created_at"":""2025-10-05T09:46:57.309Z""},""worksheet"":{""name"":""Лист2"",""range"":""A1:I6""},""data"":{""header"":{""values"":[""Имя"",""Фамилия"",""Должность"",""Отдел"",""Зарплата"",""Дата приема"",""Возраст"",""Образование"",""Стаж""],""style"":""style_2""},""rows"":[{""values"":[""Евгений"",""Онегин"",""Менеджер"",""Продажи"",85000,""12.06.2018"",29,""Магистр"",6],""style"":""style_1""},{""values"":[""Анна"",""Каренина"",""HR‑специалист"",""HR"",65000,""03.09.2020"",27,""Бакалавр"",4],""style"":""style_1""},{""values"":[""Родион"",""Раскольников"",""Финансовый аналитик"",""Бухгалтерия"",99000,""17.01.2016"",33,""Магистр"",9],""style"":""style_3""},{""values"":[""Гарри"",""Поттер"",""Руководитель проекта"",""ИТ"",121000,""27.11.2014"",39,""Доктор наук"",11],""style"":""style_3""},{""values"":[""Джейн"",""Эйр"",""UI/UX дизайнер"",""Дизайн"",70000,""22.04.2019"",30,""Специалист"",5],""style"":""style_1""}]},""styles"":[{""id"":""style_1"",""font_weight"":""normal"",""font_style"":""normal"",""font_size"":11},{""id"":""style_2"",""background_color"":""#4472c4"",""font_color"":""#ffffff"",""font_weight"":""bold"",""font_style"":""normal"",""font_size"":11},{""id"":""style_3"",""background_color"":""#ffff00"",""font_weight"":""normal"",""font_style"":""normal"",""font_size"":11}]},""columns"":[{""index"":0,""format"":""General""},{""index"":1,""format"":""General""},{""index"":2,""format"":""General""},{""index"":3,""format"":""General""},{""index"":4,""format"":""0""},{""index"":5,""format"":""dd/mm/yyyy""},{""index"":6,""format"":""0""},{""index"":7,""format"":""General""},{""index"":8,""format"":""0""}]}"
spreadsheet-transformation;Добавь в таблицу колонку 'Пол' со значениями 'М' и 'Ж';"{""metadata"":{""version"":""1.0""},""worksheet"":{""name"":""Клиенты"",""range"":""A1:C5""},""data"":{""header"":{""values"":[""Фамилия"",""Имя"",""Отчество"",""Email"",""Телефон""],""range"":""A1:E1""},""rows"":[{""values"":[""Иванов"",""Иван"",""Иванович"",""ivan@example.com"",""+71234567890""],""range"":""A2:E2""},{""values"":[""Петров"",""Петр"",""Петрович"",""petr@example.com"",""+70987654321""],""range"":""A3:E3""},{""values"":[""Сидоров"",""Сидор"",""Сидорович"",""sidor@example.com"",""+71112223344""],""range"":""A4:E4""}]},""columns"":[{""index"":0,""format"":""General""},{""index"":1,""format"":""General""},{""index"":2,""format"":""General""},{""index"":3,""format"":""General""},{""index"":4,""format"":""General""},{""index"":5,""format"":""General""}]}";"{""metadata"":{""version"":""1.0""},""worksheet"":{""name"":""Клиенты"",""range"":""A1:F5""},""styles"":[{""id"":""add_gender_header_style"",""background_color"":""#E8F0FE"",""font_color"":""#174EA6"",""font_weight"":""bold""},{""id"":""add_gender_row_style"",""background_color"":""#FFFFFF"",""font_weight"":""normal"",""font_style"":""normal""}],""data"":{""header"":{""values"":[""Фамилия"",""Имя"",""Отчество"",""Email"",""Телефон"",""Пол""],""range"":""A1:F1"",""style"":""add_gender_header_style""},""rows"":[{""values"":[""Иванов"",""Иван"",""Иванович"",""ivan@example.com"",""+71234567890"",""М""],""range"":""A2:F2"",""style"":""add_gender_row_style""},{""values"":[""Петров"",""Петр"",""Петрович"",""petr@example.com"",""+70987654321"",""М""],""range"":""A3:F3"",""style"":""add_gender_row_style""},{""values"":[""Сидоров"",""Сидор"",""Сидорович"",""sidor@example.com"",""+71112223344"",""М""],""range"":""A4:F4"",""style"":""add_gender_row_style""}]},""columns"":[{""index"":0,""format"":""General""},{""index"":1,""format"":""General""},{""index"":2,""format"":""General""},{""index"":3,""format"":""General""},{""index"":4,""format"":""General""},{""index"":5,""format"":""General""}]}"